name,calories,fat,carbs,protein,avg_rating,total_ratings,reviews
Saganaki (Flaming Greek Cheese),391,25,15,16,4.8,25,22
Coney Island Knishes,301,17,31,7,4.6,10,9
Diana's Hawaiian Bread Rolls,64,3,9,1,4.3,126,104
Chilean Pebre,106,9,7,1,5,1,1
Tex-Mex Sheet Cake,449,23,58,7,3.8,13,11
Newfoundland Jigg's Dinner,958,24,144,46,4.4,40,32
Pasta e Ceci (Italian Chickpea and Pasta Stew),378,10,59,14,4.3,3,3
Danish Butter Cookies,90,5,10,1,NA,NA,NA
Lemon Poppy Seed Amish Friendship Bread,157,6,25,2,4.6,65,55
Pan con Tomate (Spanish Tomato Bread),322,16,39,7,5,2,2
Traci's Adobo Seasoning,4,0,1,0,4.7,182,138
Brazilian Quentao,NA,NA,NA,NA,4,2,2
"Lomo de Res, Cuban-Style Rib-Eye Steaks",389,21,16,28,4.4,19,15
Peruvian Chicha Morada Drink,253,2,63,6,4.7,16,16
Chef John's Nashville Hot Chicken,1115,66,75,54,4.5,96,84
Moo Shu Pork,355,8,53,17,4.6,20,15
Filipino Lumpia,550,31,43,25,4.3,43,39
Eggnog Bread Pudding with Coquito Sauce,389,19,49,7,5,4,2
Chicken with Black Beans,231,7,13,29,4.3,8,7
Creole Okra,133,7,14,4,4.5,138,99
Victor's Non-Dairy Hawaiian Coconut Mochi Cake,518,18,86,6,5,3,3
Bistec Encebollado (Cuban Steak and Onions),383,20,13,36,5,3,3
Onigiri (Japanese Rice Balls),744,3,159,14,4.4,61,42
Swedish Hard Tack,196,8,27,4,3.5,8,8
Portuguese Steamed Clams,697,53,9,30,4.6,42,32
Israeli Charoset,185,8,29,3,5,1,1
Spicy Potato Noodles (Bataka Sev),336,18,35,9,4.7,6,5
Double Chocolate Biscotti with Cherries,152,6,21,3,3.3,3,3
Tuscan Style Ribs (Rosticciana),1150,101,2,59,5,2,2
Cherry Amish Friendship Bread Cupcakes with Buttercream Frosting,366,20,46,3,4,3,3
Chef John's Cuban Sandwich,1473,85,85,88,4.9,90,73
Pebre,164,14,10,2,NA,NA,NA
Beef Pirozhki,293,16,22,14,4.8,21,18
Puerto Rican Coquito,NA,NA,NA,NA,4.8,66,51
Pique (Puerto Rican Hot Sauce),52,2,7,1,5,2,2
Original Kumla Recipe from Mom,378,11,37,31,4.6,16,13
Grandma's Authentic Swedish Meatballs,437,28,22,23,4.3,4,4
Finnish Turnip Casserole,176,8,23,4,4.5,24,18
Chicharrones de Pollo,362,12,23,29,4,1,1
Carrot Halwa,288,15,34,7,5,2,2
Australian Federation Biscuits,93,4,13,1,4.7,3,3
Portuguese Sweet Bread III,567,11,104,13,4.1,9,9
Amish Blackberry and Strawberry Baked Oatmeal,337,15,48,4,4.4,7,7
Ono Butter Mochi,463,14,78,7,4.7,203,165
Porotos Granados (Chilean Bean Stew),285,4,53,14,4.3,16,12
Galaktoboureko,367,14,52,8,4.8,85,73
Real Homemade Bagels,278,7,56,2,4.4,354,314
Easy Blini (Russian Pancake),167,7,21,5,4.9,15,15
Traditional Swedish Pancakes,314,12,36,14,4.7,21,18
Authentic Chinese Egg Rolls (from a Chinese person),169,7,16,10,4.7,247,184
Brazilian Grilled Pineapple,255,0,66,1,4.9,101,75
Chili Garlic (Homemade) Paneer,413,23,36,18,4.3,3,3
Colombian Ají,7,0,2,0,4.7,25,18
Toum,87,9,3,0,4.5,34,27
Virgin Strawberry Daiquiri,287,0,74,0,4.3,57,45
Best Matzo Balls,106,6,10,3,4.7,11,11
Panettone,153,6,23,3,4.9,21,19
Pollo Saltado (Peruvian-Style Chicken Stir-Fry),351,11,37,27,3,1,1
Citrus Ceviche,440,29,17,30,4.1,14,8
Ajiaco (Beef and Pepper Stew),579,24,34,54,4.2,23,15
Butter Mochi Cupcakes,208,10,28,4,5,3,3
Canelés de Bordeaux,193,7,27,3,4.5,25,17
Sausage and Sauerkraut,777,62,29,25,4.7,292,236
Chicken Ropa Vieja,291,11,11,35,4.1,23,14
Brazilian Whole Banana Pie,451,11,83,11,4.1,13,12
Chilean Empanada,530,28,54,16,4.2,39,32
Chinese Chicken Wings,256,9,28,16,4.5,90,74
Copycat Panda Express Chow Mein,492,36,35,8,5,2,1
Classic Chicken Cordon Bleu,584,41,8,42,4.8,7,4
Halloumi Cheese Fingers,299,25,3,18,4.7,30,24
Easy and Quick Halushki,698,38,69,22,4.6,259,214
Easy Gazpacho,39,0,9,2,4.6,251,185
Crispitos,NA,NA,NA,NA,4.6,7,5
Rose Water Turkish Delight,70,NA,17,1,2.2,5,4
Horchata de Arroz (Rice Drink),396,8,72,10,4.4,44,36
Chicken Makhani (Indian Butter Chicken),408,28,16,23,4.5,1,1
Cha Gio Vietnamese Egg Rolls,228,14,14,12,4.6,19,15
Cretons,101,6,4,8,4.3,53,46
Rose Water Gelees,30,0,8,0,3.5,4,3
Zucchini Scarpaccia,137,7,13,5,4,1,1
Slow Cooker Mojo Pork,314,27,3,15,4.8,14,13
Portuguese Soup,537,20,73,21,4,59,57
Brazilian Cheese Rolls (Pão de Queijo),199,12,17,6,4.7,32,28
Pastry Cream,151,6,21,4,4.8,541,460
Andouille and Poblano Quesadillas,598,36,48,22,4.7,28,24
Mom's Authentic Kosher Cholent Recipe,1067,49,98,58,4.5,33,27
Down-South Style Green Beans,152,11,6,7,4.4,93,83
Fried Sweet Bananas,169,6,31,1,4.4,8,6
Saltado de Vainitas (Peruvian Green Beans with Chicken),189,5,14,22,4.3,10,8
Alfajores Argentinean Style,157,7,23,1,4.4,69,55
Loaded Beef Nachos,817,46,56,48,4.7,21,18
Aji (Colombian Salsa),52,4,5,1,4.5,2,1
Honey Walnut Shrimp,605,26,68,26,4.7,574,442
Thai Pineapple Chicken Curry,623,35,78,20,4.5,527,372
Tortilla de Patatas,439,40,15,5,5,2,2
Yabluchnyk (Ukrainian Apple Cake),264,13,37,3,4.5,81,67
Chicken Shawarma,402,15,44,23,4.3,64,48
Branzino Mediterranean,380,13,7,53,4.8,47,37
Coxinhas (Brazilian Chicken Croquettes),167,8,19,5,4,4,3
Argentinian-Style Ribs,NA,NA,NA,NA,4.2,20,17
Durian Puree Cheesecake,448,29,40,9,4.8,5,4
Grandma's Polish Perogies,281,11,38,8,4.7,496,404
Seafood Paella,665,25,36,65,5,3,3
Sesame Jellyfish Salad,148,14,3,5,5,3,2
Brazilian Passion Fruit Mousse (Maracuja),515,35,45,7,4.3,41,33
Brazilian White Rice,201,4,38,3,4.4,413,317
Cajun Shrimp and Sausage Pasta Bake,635,39,35,35,5,6,4
Best Hawaiian Banana Nut Bread,441,24,54,5,4.6,5,4
Lyonnaise Potatoes,325,20,35,4,4.1,109,85
Kibby (Kibby-Bel-Saneeya),439,26,27,28,4.8,8,7
Chinese Steamed Buns,44,1,8,1,4.6,181,147
Absolutely Fabulous Greek Salad Dressing,104,11,2,0,4.7,2,1
Lamb Shawarma,376,27,3,29,4.7,60,47
Gheymeh (Persian Beef Stew),722,38,61,37,NA,NA,NA
Beef Samosas,258,15,24,8,4.6,238,186
This High-Protein Greek Salad Will Be on Repeat All Summer Long,NA,NA,NA,NA,5,1,1
Israeli Tomato and Cucumber Salad,208,18,11,2,4.4,60,45
Elk Steak Marinade,259,13,3,33,4.9,44,33
Swedish Saffron Buns,169,4,29,4,4.7,17,14
Apple Danish Bars,250,13,31,3,NA,NA,NA
Turkey Kofta Kebabs,65,3,1,8,4.8,8,8
Racuchy z Jablkami (Polish Apple Pancakes),416,7,76,14,4.4,11,9
Haldi Ka Doodh (Hot Turmeric Milk),154,5,19,8,4.8,91,79
Masht-o Khiyaar (Persian Cucumber Salad with Sultanas and Walnuts),59,3,9,1,4.5,4,3
Pork Pie,712,51,28,33,4.2,34,29
Fastelavnsboller (Fastelavn Buns),214,7,31,6,4,5,5
Instant Pot Filipino Chicken Adobo,352,21,9,30,4.8,31,30
Finnish Pancakes,176,10,15,7,4.7,23,17
Margareta's Cardamom Cake,410,20,55,5,5,2,2
Spicy Thai Basil Chicken (Pad Krapow Gai),715,30,59,50,4.8,1,886
Vietnamese Sandwich,627,12,72,55,4.5,170,124
Nada's Baba Cake,208,5,37,4,3.8,4,4
"Spicy Indian Green Beans, Gujarati Style",171,14,11,3,4.4,93,72
Lebanese Zaatar (Za'atar) Bread,266,17,26,4,4,2,2
Lebanese Bean Salad,312,9,45,13,4.7,16,16
Cioccolata Calda (Hot Chocolate Italian-Style),169,5,27,8,4.4,97,79
Italian Easter Grain Pie,454,23,52,11,5,26,22
Empanadas Fritas de Queso,343,14,39,15,3.3,7,5
Crispy Ginger Beef,364,14,45,15,4.6,146,104
Pastel de Choclo,435,21,38,27,NA,NA,NA
Tomato Salsa without Onions,7,0,2,0,4.4,17,13
Yummy Matzo Rolls,480,33,35,15,4,3,3
Swedish Meatballs I,662,48,26,31,4.1,508,392
Easy Polish Noodles,310,4,55,12,4.9,25,25
Tex-Mex Burger with Cajun Mayo,714,49,29,38,4.6,467,323
Shrimp and Cheesy Grits with Bacon,446,24,17,39,4.6,61,47
Jamaican Oxtail Stew,481,24,23,44,5,2,1
Lobster Thermidor,653,28,14,77,4.6,53,40
Pho (Vietnamese Noodle Soup),509,11,66,35,4.7,172,133
Restaurant Style Egg Drop Soup,76,4,4,5,4.5,1,821
Fricase de Pollo,454,27,7,43,4.4,16,13
Cuban Goulash,197,6,27,11,4.1,52,44
Lolah's Chicken Adobo,265,12,3,35,4.7,65,52
Rich and Simple French Onion Soup,586,44,28,21,4.6,1,1
Fattigmann,43,3,3,1,4.2,15,14
Game Day Sangria,NA,NA,NA,NA,4.9,59,44
Pastel de Papas (Chilean Potato Pie),366,25,22,14,4.2,15,13
Stewed Okra with Tomatoes,66,1,13,3,4.6,60,45
Air Fryer Samosas,141,3,20,7,1,1,1
Roasted Greek Lemon Potatoes,282,12,40,5,4.8,314,228
Jewish Coffee Cake,364,21,40,5,4.6,301,248
Baked Sweet And Sour Chicken,823,30,88,53,3.5,4,3
Russian Tea Cakes,101,7,8,1,4.7,1,1
Manti (Turkish 'Ravioli' with Yogurt Sauce),293,17,27,9,3.9,17,11
Tut (Persian Marzipan),125,7,14,3,NA,NA,NA
Perogies,376,20,40,11,4.1,119,103
Amish Friendship Bread Starter,34,0,8,1,4.9,394,297
Curried Coconut Chicken,375,21,17,32,4.5,3,2
Jay's Jerk Chicken,385,18,15,39,4.7,645,458
Peruvian Pickled Onions (Salsa Criolla),71,2,13,2,4.5,8,7
Chicken Adobo Tacos,NA,NA,NA,NA,NA,NA,NA
Jamaican Beef Patties,367,21,27,17,4.5,222,187
Faworki (Polish Chrusciki),126,5,17,3,3.7,3,3
Cherry Tomato Pasta Sauce,475,12,76,18,4.8,94,80
Chicken Saag,450,26,18,39,4.5,86,66
Baked Falafel,281,9,39,11,4.4,248,168
Sauerkraut Russian-Style,27,0,7,1,4.8,5,4
Banh-Mi Style Vietnamese Baguette,760,23,128,20,4.5,36,28
Meze Fava Beans,229,4,34,15,NA,NA,NA
Italian Ricotta Cookie Bars,213,9,29,4,4.3,3,3
Joel's Jerk Chicken Pineapple Pasta,628,20,79,35,4.3,119,82
Finnish Pannu Kakku,437,22,53,9,4.5,37,33
Lubia Polo (Green Bean Rice),676,29,85,22,4,47,36
Peruvian Arroz con Pollo (Peruvian Rice and Chicken),501,21,60,19,4.5,2,2
Bread Machine Challah I,184,4,30,6,4.7,451,377
Nanaimo Bars I,389,23,47,4,4.7,101,78
Cuban Banana Casserole,312,17,42,2,4.1,24,21
Sopa de Mariscos (Seafood Soup),278,10,16,33,5,2,NA
Cajun Pastalaya,640,32,54,37,5,8,6
Vegetarian Banh Mi Bowls,614,27,81,12,4.4,7,4
Herman Sourdough Starter,382,2,82,9,4.3,51,40
Leche Asada,258,9,25,10,3.6,8,7
Vegan Sweet Potato Chickpea Curry,293,22,22,5,4.7,125,110
Authentic Vietnamese Spring Rolls (Nem Ran Hay Cha Gio),132,5,14,7,4.8,20,16
Polish Gołąbki (Stuffed Cabbage Rolls),311,14,27,20,4.1,15,14
Mexican Lasagna Lite,468,12,50,40,4.4,102,78
The Best Pavlova,186,9,25,2,4.7,117,93
Greek-Style Grilled Lamb Chops,887,68,4,65,NA,NA,NA
No Ordinary Meatloaf,392,19,30,26,4.4,28,23
Goi Ga (Vietnamese Chicken and Cabbage Salad),167,6,17,14,5,2,2
Duck a l'Orange,354,21,15,20,4.8,55,45
Easy Swedish Pancakes,252,13,21,12,4.2,279,223
"Chicken French (Rochester, NY Style)",405,23,15,33,4.8,214,177
Turkish Doner Kebab,284,19,2,24,5,6,4
Chicken Souvlaki with Tzatziki Sauce,268,17,3,26,4.7,504,349
Naan,52,4,4,1,4.7,2,1
Nova Scotian Hodge Podge,241,19,17,3,4.4,55,46
Brazilian-Style Beef Ribs,698,57,NA,44,4.4,26,22
Authentic Thai Green Curry,638,65,15,24,4.5,10,8
Cajun Chicken and Sausage Gumbo,879,55,53,45,4.8,5,5
Easy Bulgogi (Korean BBQ Beef),226,10,11,21,4.8,216,164
Louisiana Crawfish Étouffée,636,25,83,19,4.7,269,227
Slow Cooker Sweet and Sour Kielbasa,422,24,45,8,4.4,185,143
Schnitzel,677,31,60,38,4.1,23,20
Finnish-American Flatbread,404,4,78,13,5,4,4
Chef John's Mulligatawny Soup,263,9,29,18,4.9,22,20
Sangria! Sangria!,NA,NA,NA,NA,4.9,1,1
Japanese-Style Sesame Green Beans,97,7,9,3,4.5,472,319
Gochujang-Sauced Air Fryer Cauliflower Bites,149,4,29,3,5,1,1
Chimichurri Sauce,133,14,1,0,4.5,242,193
Chinese Hand-Pulled Noodles in Beef Broth,671,15,101,29,5,1,1
Bannock,149,4,25,3,4.4,258,202
Curried Israeli Couscous,174,4,30,5,4,2,1
Bill's Peruvian Chicken and Rice,402,12,51,23,4.5,65,49
Hawaiian Banana Nut Bread,234,11,32,3,4.7,491,428
Pork Dumplings,752,29,81,39,4.7,376,288
Yum Yum Sauce,175,19,1,0,4.6,144,117
Easy Russian Mushroom Bake,415,36,10,15,4.4,12,10
Polish Cherry Cake,313,14,43,6,4.1,37,32
Black-Eyed Pea Soup,416,20,32,26,4.8,134,105
German Apple Cake,201,10,28,2,4.8,1,1
Traditional Russian Pirozhki,134,3,21,5,4.5,85,65
Indian Saffron Rice,154,4,26,3,4.4,154,117
South African Brown Pudding,302,8,54,5,4,11,8
Knefla Soup,549,17,83,17,4.5,54,45
Poulet au Vinaigre (Chicken with Vinegar),448,29,5,37,4.9,20,19
Spanish Rice and Shrimp,247,12,14,21,4,3,2
Pain au Chocolat (Chocolate Croissants),1326,78,153,16,4.7,20,16
Tuscan Butter Shrimp,540,41,16,23,4.7,23,21
Challah Bread,165,3,30,4,4.7,819,644
Golabki (Stuffed Cabbage Rolls),404,17,38,25,4.4,44,37
South African Melktert (Milk Tart),294,9,47,8,4,68,62
Tandoori Chicken,356,19,14,36,4.4,316,231
Vietnamese Egg Coffee,175,8,21,6,5,1,1
Thai-Inspired Potato Salad,349,14,52,9,5,6,6
Mexican Black Bean and Turkey Wraps,403,11,45,31,5,5,5
Arroz con Pollo (Peruvian Style),712,15,105,30,4.2,6,6
Easy Pina Colada French Toast,327,11,44,16,4.5,36,27
Chef John's Beef Rouladen,641,39,23,48,4.6,134,108
Amish Chocolate Cake,228,9,33,4,4.5,2,1
Real French Crêpes,110,2,17,5,4.3,139,118
Pumpkin Custard Pie I,228,8,34,6,4.3,28,22
My Amish Friend's Caramel Corn,238,16,22,3,4.9,1,1
Filipino Fish Escabeche,259,16,23,6,4.7,3,2
Chilean Dobladitas,477,28,49,7,4.3,14,13
Cuban Beans and Rice,258,3,49,7,4.2,218,143
Best Ever Russian Beef Stroganoff,496,35,16,29,4.4,21,18
Ultimate Lowcountry Shrimp and Grits,695,28,66,45,5,1,1
Southern as You Can Get Collard Greens,165,11,3,13,4.7,296,223
Tex-Mex Tuna Salad,263,12,25,15,3.9,22,16
Grilled Cajun Corn,387,36,18,3,5,1,1
Easter White Borscht,732,63,15,26,4.7,7,7
Poutine Gravy,327,22,18,14,4.6,18,14
Malaysian Chicken Satay,45,1,2,7,4,1,1
Greek Butter Cookies,74,4,9,1,4.6,213,176
Beef Nilaga,983,75,32,43,4.1,12,5
Mie Goreng - Indonesian Fried Noodles,356,14,34,23,4.4,59,48
Basic Crêpes,216,9,26,7,4.6,4,3
Pan De Sal I,175,3,32,4,4.3,105,92
Polvorones from Puerto Rico,114,4,18,1,2.7,3,3
Crispy Southern Fried Chicken,806,30,79,51,3.8,175,131
Cajun-Style Blackened Snapper,806,72,6,36,4.6,260,211
Dutch Cookies,107,6,13,1,4.4,32,28
Simple Spanish Rice,359,15,52,6,4.4,12,9
Mum's Swedish Meatballs,458,31,17,27,4.5,21,20
Swedish Pancakes (Vegan),475,20,66,10,4,1,1
Puerto Rican Breakfast Custard,250,8,37,8,4.7,103,82
Chicken in Black Bean Sauce,266,8,9,38,4.8,4,2
Date and Dried Cherry Mostarda,82,1,16,1,NA,NA,NA
Jan Hagel Cookies,157,10,17,2,4.7,63,56
Japanese-Style Cabbage Salad,126,10,8,4,4.2,71,54
Brazilian Chicken Stew (Galinha Ensopada),425,26,9,37,3.5,2,2
Bulgogi Beef (Korean-Style Barbecue),998,67,63,35,4.8,69,50
The Amazing Swedish Meatball,560,43,19,25,3.4,245,209
Southern-Style Chocolate Gravy,91,2,17,2,4.8,319,256
Crispy Ginger Biscuits,124,4,21,1,4,2,2
Feijoada (Brazilian Black Bean Stew),381,18,31,24,4.7,43,35
Okra Patties,224,12,25,5,4.5,86,77
Tanya's Louisiana Southern Fried Chicken,638,30,48,43,4.5,123,98
Shakshuka (Middle Eastern Breakfast Dish),249,15,16,16,4.7,27,22
Easy Sheet Pan Beef Bulgogi,339,21,13,26,4.7,14,13
Polish Cabbage Roll Soup,358,22,22,21,4.9,7,7
Crispy Fried Fish,634,24,69,29,4.5,152,116
Jamaican Brown Stew Chicken,343,20,14,25,4.9,51,50
Handkerchief Lasagna,NA,NA,NA,NA,4.7,3,3
Jerk Seasoning,4,0,1,0,4.5,88,65
Carrots and Lentils,351,12,47,15,4.6,29,23
Cuban Marinated Steak,245,16,4,21,4.7,141,109
Cheesy Amish Breakfast Casserole,314,23,12,22,4.8,997,784
Punjabi Chicken in Thick Gravy,325,22,4,28,4.3,74,53
Amish Custard Cottage Cheese Pie,220,10,26,8,4.7,17,15
Polvarones,100,6,11,1,4.7,3,3
Southern Butter Beans,1815,42,203,159,4,4,4
Huancaina Sauce,194,14,8,9,4.5,2,2
Italian Capezzoli di Venere (Chocolate Truffles of Venus),99,5,12,1,4.5,8,7
Mom's Portuguese Beef Stew,398,12,38,27,4.4,49,40
Polish Noodles (Cottage Cheese and Noodles),409,20,43,16,4.6,373,319
Vaca Frita (Pan-Fried Beef),221,15,8,15,4,1,1
Portuguese Favas,221,10,28,7,4.5,42,31
Cassava Cake,329,16,42,8,4.4,56,45
Za'atar Bread,197,4,34,6,NA,NA,NA
Leche Flan,387,14,55,11,5,4,4
"Brown Rice, Chicken, and Chorizo Paella",465,22,43,22,4,2,2
Loaded Potato Focaccia,423,14,57,15,5,1,1
Hamantashen,184,9,23,3,4.4,70,58
Chocolate Yule Log,526,34,56,6,4.8,127,110
Kransekake (Norwegian Almond Ring Cake),280,13,39,6,4,2,2
Southern Fried Apples,369,23,45,1,4.8,304,250
Tava or Turkish Stew,397,20,9,44,4.4,53,44
Chicken Kiev,485,25,24,40,4.4,64,51
Paska Bread,600,15,98,16,4.8,57,47
Runaway Bay Jamaican Chicken,279,12,17,25,4.2,43,32
Simple and Creamy Spanish Flan,332,11,51,9,4.1,9,9
Sofrito,10,0,2,0,4.8,99,75
Meat Pie,381,24,28,14,4.5,125,105
Lebanese Lemon Lentil Soup,268,8,38,12,4.4,60,55
Chocolate Chip Belgian Waffles,480,27,52,10,4.9,8,7
Chocolate Pavlova,402,21,52,5,4.5,28,25
Neck Bones and Lima Beans,500,18,34,49,4.5,22,20
Brazilian Peanut Fudge,306,15,38,8,5,6,1
Spanish Gin and Tonic (Gin Tonica),366,2,74,7,5,1,1
Keto Tex-Mex Ground Beef Casserole,447,31,9,33,4.4,16,13
Sizzling Sherry Shrimp with Garlic,223,15,3,19,4.4,63,50
Dutch Bokkenpootjes - Goat's Feet,452,15,63,23,4.1,10,6
Quesitos (Puerto Rican Cheese-Stuffed Puff Pastry),540,33,55,7,5,2,2
Air Fryer Chicken Parmesan,582,18,45,57,4.5,6,5
Japchae,162,8,17,7,4.9,25,21
Authentic Empanada Pastry Dough,116,5,16,3,4.7,17,13
Mayonnaise Biscuits,134,6,17,3,4.4,576,496
Swedish Klimp,263,4,46,10,4.6,14,12
Chana Masala (Indian Chickpea Curry),413,23,46,9,4.6,216,167
Machhere Jhol (Bengali Fish Curry),367,18,6,45,4.6,7,6
Butter Lamb Gravy,321,22,8,23,4.5,93,68
Jajangmyeon (Vegetarian Korean Black Bean Noodles),315,6,56,10,5,1,1
Cajun Cashews,483,41,24,11,4,1,1
Easy Two-Ingredient Naan,102,3,16,3,4.7,66,62
Shadi's One-Pot Turmeric Chicken and Rice,364,2,53,32,3.9,9,9
Polish Reuben Casserole,628,41,40,26,4.2,74,65
Spicy Korean Chicken,257,18,2,20,4.6,18,17
Chicharrones de Pollo,1183,40,175,44,5,1,1
Homemade Manti (Traditional Turkish Dumplings),560,23,64,23,4.6,39,32
Vietnamese Coffee,158,5,26,3,4,2,2
Basic Coquito,346,15,36,5,4.9,7,7
Spanish Omelette,252,22,11,5,4.6,203,163
Roasted Pork Bánh Mì (Vietnamese Sandwich),1263,76,91,54,4.8,39,30
Canadian Yellow Split Pea Soup with Ham,172,0,32,12,4.8,205,172
Brazilian Sweet Banana and Rice Dish,932,15,178,24,3,1,1
Greek Honey Mustard Roast Chicken and Potatoes,458,24,27,36,4.5,6,6
Russian Poppy Seed Roll,448,19,60,12,5,1,NA
Swedish Spareribs,379,26,6,30,4.5,84,68
Easy-Made German Quark,91,6,4,2,4.7,15,12
Shirini Nargili,39,2,5,0,5,2,2
Swedish Rice Pudding,293,8,47,8,4.4,8,7
Strudel Dough,49,2,7,1,2.9,18,17
Easy Swedish Apple Pie,359,18,49,3,4.7,261,223
Tex Mex Meatloaf,711,57,10,39,4.1,20,18
Greek Potato Salad,335,23,28,5,4.9,12,10
Hawaiian Chicken Pineapple Kabobs,203,4,17,24,4.5,779,560
Healthier Amish Friendship Bread Starter,33,0,8,1,5,1,1
Cuban Black Bean Soup in the Slow Cooker,191,3,33,9,4.6,13,13
Maamoul (Lebanese Date Cookies),57,4,4,0,4.5,6,6
Jamaican Saltfish Fritters (Stamp and Go),232,8,18,20,4.4,44,37
Authentic Middle Eastern Hummus (Chummus),551,32,51,18,4.3,97,91
Thai Iced Coffee,192,6,28,7,NA,NA,NA
Cuban-Style Roast Pork,265,15,2,29,4.8,151,125
Tarte Tatin,351,16,53,2,4.8,103,78
Pakistani Ground Beef Curry,438,34,12,22,4.5,105,89
Austrian Linzer Torte,473,29,48,8,4.5,2,2
Southern Ham and Brown Beans,273,6,38,17,4.6,265,210
Gera's Amish Funny Cake,343,15,50,5,3.6,7,7
Peruvian Alfajores with Manjar Blanco,227,8,36,3,3,2,2
Brazo Gitano de Guayaba (Jelly Roll with Guava),233,2,52,3,5,1,1
Pasteles with Yuca and Plantains,417,28,31,12,5,2,2
Tortilla Española (Spanish Tortilla),477,32,36,13,4.7,75,57
Australian English Trifle,157,1,36,3,4.2,11,7
Pasta Alla Caponata,407,20,50,11,4.8,4,4
Shrimp and Okra Gumbo,394,21,18,35,4.2,154,123
Pesto Chicken Caprese,506,28,4,56,NA,NA,NA
Calabacita con Puerco (Pork with Squash),348,8,62,15,4.7,15,13
Chef John's Shrimp Étouffée,424,15,30,41,4.9,648,518
Dutch Apple Cake,193,8,30,2,4.6,60,54
Apple Crisp Cups,109,6,13,1,4.3,261,226
Oven-Baked Kofta Kebabs (Pakistani-Style),341,22,11,23,4,1,1
Classic Beef Stroganoff in a Slow Cooker,441,17,39,33,4.4,34,30
Homemade Sushi,152,4,26,4,4.4,216,157
Vareniki (Pierogi) with Potatoes and Mushrooms,56,1,10,1,5,3,3
Authentic Patatas Bravas,1564,151,54,7,4,8,7
Korean Spicy Chicken Rice Noodle Bake,461,26,21,38,4.7,16,16
Chef John's Pão de Queijo (Brazilian Cheese Bread),109,6,11,2,4.6,19,15
German Wiener Schnitzel,435,12,51,27,4.6,246,195
Calimocho (Kalimotxo),NA,NA,NA,NA,4.4,10,10
Authentic Fire-Roasted Tex-Mex Salsa,14,0,3,1,5,5,5
Swedish Toscas (Swedish Almond Tarts),166,10,18,2,4.5,24,18
Steelhead Trout Bake with Dijon Mustard,145,4,3,19,4.7,156,123
Jamaican Cabbage,121,5,19,3,4.6,55,42
Hawaiian Tarts,131,6,18,1,4.6,60,47
Chicken Arroz Caldo (Chicken Rice Porridge),294,15,25,16,4.8,93,69
Chicken Limone,487,26,29,39,5,21,21
Keufels (Original),138,9,14,2,4.3,3,3
Maple Walnut Ice Cream,487,33,46,7,4.8,36,29
Chicken Satay,162,3,4,29,4.6,575,434
Vietnamese Beef Pho,528,14,73,27,4.1,86,58
Chicken Tikka Masala,404,29,13,25,4.4,2,2
Best Homemade Marzipan,171,11,17,4,4.8,4,2
Swedish Chocolate Balls (or Coconut Balls),90,5,11,1,4.7,66,54
Slow Cooker Kielbasa and Beer,383,31,8,15,4.2,263,189
Coffee Jelly,43,NA,9,2,4.8,56,44
Blini - Russian Pancakes,522,22,64,16,5,2,2
Mediterranean Bean Salad,329,12,47,12,4.6,51,40
Thai Spice Sweet Tea,149,9,18,1,5,4,4
Creole Chitterlings (Chitlins),356,30,6,15,4.6,51,40
Rosettes,561,59,8,1,4.7,132,106
One Pot Chicken Pomodoro,356,8,38,31,4.6,8,7
Dumplings and Cocky's Joy (Caramel Sauce),556,25,78,7,3.3,7,6
Spiced Orange Cranberry Sauce,37,NA,9,0,4.8,160,134
Blintz Souffle II,410,19,53,14,4.7,26,23
Beef Stroganoff with Noodles,775,55,36,34,4.2,150,119
Potato Latkes,199,11,22,5,4.7,611,479
Spicy Southwestern Slaw,202,19,8,1,4.4,155,130
Air Fryer Grilled Pimento Cheese,902,40,108,29,NA,NA,NA
Alfajores (Dulce de Leche Sandwich Cookies),175,8,23,2,4.1,11,10
Portuguese Egg Tarts,225,15,20,3,4.5,8,5
Cinnamon Noodle Kugel,328,15,38,11,4.8,52,42
German Beef Rouladen,351,16,5,45,4.3,154,132
Amish Friendship Bread,119,6,16,2,4.7,159,131
Cuban-Style Picadillo,471,22,30,26,4.6,40,33
Tender Juicy Skirt Steak (Churrasco),204,12,9,16,4.4,8,6
Southern Fried Cabbage,189,14,14,5,4.7,766,602
Copycat Panda Express Orange Chicken,726,27,76,45,4.5,34,34
Instant Pot Haluski with Kielbasa,401,21,40,15,4.8,25,21
Goan Pork Vindaloo,264,16,9,20,4.4,22,16
Russian Doughnuts,331,16,32,14,4.8,4,4
Lemon Pisco Sour,NA,NA,NA,NA,4.3,3,3
Manjar (Dulce de Leche) from Scratch,85,2,15,2,3.9,20,18
Cuban Pork,176,7,2,26,4.5,79,66
The Cheesecake Factory Thai Chicken Lettuce Wraps,1360,79,123,52,5,1,1
Authentic Polish Pickle Soup (Zupa Orgorkowa),206,11,11,16,4.6,13,11
Cajun Chicken Pasta,935,62,54,44,4.8,2,2
Pappardelle with Jammy Onion Ragu,530,17,78,17,3.5,4,3
Guava Cuban Pastry (Pastelito de Guayaba),189,11,22,2,4,1,1
Mizeria (Polish Cucumber Salad),13,1,1,0,4.4,82,67
Instant Pot Salsa Chicken,300,5,14,46,4.8,192,149
Chicken Singapore Noodles,413,18,42,28,4.5,37,24
Pfeffernusse Cookies,284,6,54,4,4.8,255,217
Vietnamese Golden Chicken Wings,716,51,9,53,3.9,41,31
Pumpkin Soufflé Casserole,241,14,25,5,4.7,21,20
Beef Miso Ramen,454,25,13,44,4.8,6,6
"Velveting Chicken Breast, Chinese Restaurant Style",156,6,2,23,4.8,65,57
Miso Soup,63,2,5,6,4.7,512,372
Bulgogi (Korean BBQ),439,18,24,44,4.3,100,79
Best Ever New Zealand Pavlova,88,NA,22,1,4.4,32,28
Escabeche,753,62,12,41,4.1,11,8
Instant Pot Thai-Style Green Curry Chicken,427,38,15,27,5,6,6
Chokladbiskvier (Swedish Chocolate Meringue Cookies),185,12,19,2,4.5,2,2
Brazilian Collards,269,19,10,15,4.6,50,37
Burrito Casserole,454,26,34,21,5,10,10
Sausage Biscuits and Gravy,947,60,66,38,4.6,196,152
Portuguese Pork Alentejana,315,12,12,28,4.6,14,13
Quick Whole Wheat Chapati,127,1,27,5,4.8,21,16
Portuguese Braised Chicken,540,39,3,37,5,1,1
Kalam Polo (Persian Cabbage and Rice),681,28,81,27,3.7,6,6
Poffertjes (Dutch Mini Pancakes),105,1,19,4,4.5,2,2
Bierock Casserole,674,42,33,37,4.1,224,181
Indian Chapati Bread,110,3,18,3,4.7,228,168
Roast Peruvian Turkey,841,47,7,94,4.8,67,54
Chef John's Beef Rendang,380,30,10,19,4.7,24,21
Rosenmunnar,94,5,11,1,4.6,622,505
Ginger Malva Pudding,364,15,54,5,4.3,4,3
Homemade Pickled Ginger (Gari),14,0,3,0,4.7,70,60
Kickin' Collard Greens,127,9,8,4,4.8,1,1
Easy Crispy Vietnamese Shrimp Balls,297,19,17,15,4,3,3
Instant Pot Bobo de Frango (Brazilian Chicken Stew),514,30,38,23,NA,NA,NA
Crispy Vegetable Pakoras,217,16,16,5,4.6,114,86
Samoan Panikeke,337,11,55,4,4.6,64,58
Portuguese Sweet Bread I,56,3,7,2,4.7,600,486
Rustic Chicken and Dumplin's,465,29,21,29,4.6,10,10
Deep-Fried Turkey Marinade,128,9,11,2,4.8,299,240
Roscoe's Chicken Adobo,387,20,18,31,4.3,3,3
Spicy Noodles - Malay Style,506,17,77,16,3.9,20,15
Southern Coleslaw,184,11,20,3,4.8,355,276
Easy Pavlova,373,22,42,4,4.8,501,390
Appeltaart (Dutch Apple Tart),445,19,64,6,4.6,7,6
Indian Fish Curry,338,14,12,42,4.6,252,198
Peruvian Lomo Saltado,498,27,38,26,4.5,172,127
Air Fryer Tempura Vegetables,142,1,27,6,NA,NA,NA
Pannekaken (Norwegian Pancakes),145,4,20,7,4.6,234,174
French Almond Rum Cake,426,25,43,8,5,2,2
Chilled Russian Salad Dressing,138,15,2,0,4.6,78,67
Swedish Limpa Rye Bread,273,8,45,7,4.5,8,7
The Best Thai Curry-Peanut Sauce,179,16,10,4,4.4,67,62
Jaeger Schnitzel,455,9,54,39,4.3,74,59
Kraut Bierocks,630,34,55,25,4.6,153,125
Norwegian Almond Cake,514,36,42,11,4.3,29,25
Thai Monkfish Curry,418,34,11,20,4.5,43,34
Amish Cran-Apple Pie,379,19,50,4,3,1,1
Boneless Buffalo Wings,710,47,44,28,4.8,984,724
Brazilian Bom-Bocado (Egg Custard),147,7,19,4,4.7,3,3
Homemade Za'atar,29,2,2,1,5,3,2
Simple Cajun Seasoning,3,0,1,0,4.6,146,105
Choux Pastry,78,6,5,2,5,4,4
Miso and Soy Chilean Sea Bass,287,4,28,25,4.9,148,122
Japanese-Style Fluffy Pancakes,282,4,52,9,4.1,10,9
Southern Fried Chicken Livers,470,29,28,24,4.7,241,192
Amish Peanut Butter,74,3,12,1,4.8,34,30
French Silk Pie Bars,405,31,28,5,5,1,1
Easy Chili Cavatappi,395,14,45,23,5,6,6
Pork and Chicken Adobo,551,37,4,49,4,10,5
Chipas (Argentinean Cheese Bread),285,11,39,8,4.1,11,8
Chicken In Coconut Sauce,716,33,76,30,4.1,25,19
Slow Cooker Tuscan Chicken Meatballs with Gnocchi,460,20,39,29,4.6,13,13
Finnish Pulla,178,4,31,5,4.8,223,175
Texas Sheet Cake,256,13,36,2,4.7,858,685
Easy German Apple Streusel Pie,365,17,53,4,4.5,19,12
Puerto Rican Beef Stew,355,18,25,22,4.9,9,7
Crispy Fried Smelts,440,19,43,22,4.6,23,21
Italian Breakfast Strata,472,33,14,30,4.2,5,5
South African Traditional Vetkoek (Fried Bread),332,6,60,8,4.8,31,22
Wheat Flour Halva,284,12,43,3,NA,NA,NA
The Best Lemon Vinaigrette,128,14,2,0,4.8,238,197
Kimchi Jun (Kimchi Pancake) and Dipping Sauce,199,7,27,7,4.4,36,27
Cucumber Gyro Sauce,43,4,1,1,4.5,112,77
Portuguese Cod Fish Casserole,953,31,64,101,4.4,63,52
Austrian Peach Cookies II,937,31,156,12,4.1,7,7
Lefse II,186,1,41,4,3.9,14,14
Stir-Fried Mushrooms with Baby Corn,49,1,8,3,4.4,38,30
Mango Gazpacho,147,5,26,2,4.5,85,72
Easy Chicken Curry,247,11,8,29,3.9,120,107
Simple Slow-Cooked Korean Beef Soft Tacos,456,22,40,24,4.8,329,246
Ukha (Russian Fish Soup),127,1,25,8,4.3,38,35
Real NY Jewish Rye Bread,148,5,23,4,4.8,310,281
Cuban Inspired Millet,130,3,23,3,4.6,15,13
Sweet Potato Pie,389,21,48,5,4.8,3,2
Creamy Cajun Chicken Pasta,1109,82,54,43,4.7,3,2
Veggie Lo Mein,285,11,38,10,4.9,9,8
Muhammara (Roasted Pepper & Walnut Spread),287,24,10,5,4.7,28,22
Malaysian Nasi Lemak,578,32,57,20,4.7,15,8
"Slow Cooker Pork, Sauerkraut, and Beer",166,6,13,14,4.6,17,15
Gulab Jamun or Kala Jam (Waffle Balls),187,5,36,1,5,4,3
Sherry Chicken Curry,607,38,34,34,4.3,84,65
Dad's New Zealand Mince Stew,474,32,25,22,4.4,50,45
Greek Tzatziki,22,1,2,1,4.5,335,236
Cuban Shredded Pork,202,11,8,19,4.4,109,85
Bolo Facil de Fuba Cremoso (Easy Creamy Cornmeal Cake),338,5,69,6,2,1,1
Vietnamese Beef And Lettuce Curry,529,21,57,26,3.8,25,22
Homemade Sazon Seasoning,12,0,2,1,4.9,11,9
Grilled Asian Chicken,217,8,11,26,4.5,553,417
"Beet, Walnut and Prune Salad",296,21,27,4,4.6,42,38
Ayam Penyet Pedas (Indonesian Spicy Penyet Chicken),558,27,46,39,4.7,3,2
Spicy Sambal Shrimp,624,20,94,20,4.3,8,7
Kugel,454,28,37,15,4.8,127,109
Easy Mediterranean Baked Chicken Breast,NA,NA,NA,NA,4.7,3,3
Portuguese Bean Soup II Recipe,573,31,45,29,4.5,20,16
Prawn Nasi Goreng,664,26,68,41,4.5,27,19
Tex-Mex Beef and Cheese Enchiladas,794,49,40,47,4.4,159,126
Viennese Crescent Holiday Cookies,95,5,11,1,4.4,128,99
Fried Empanadas,528,46,21,8,4.5,196,148
Hawaiian Chocolate Macadamia Nut Tart,707,43,82,7,4.2,5,4
Gehakt Ballen (Dutch Meatballs),524,37,24,23,4,6,5
Orange Drop Cookies II,221,9,33,2,4.1,133,107
Thai-Style Ground Pork Skewers,262,16,8,21,4.6,8,7
Chef John's Hummingbird Cake,983,56,115,9,4.8,13,12
Norwegian Potato Klub,554,13,94,15,4.5,39,35
Pacific Cuban Black Beans and Rice,559,16,85,20,4.9,97,75
Ekmek Turkish Bread,6,0,1,1,4.6,19,13
Jamaican Jerk Chicken,221,6,13,29,4,111,79
Oma's Fabulous Matzo Ball Soup,448,14,64,17,4.2,89,70
Danish Rugbrod (Rye Bread) for the Bread Machine,81,1,17,2,3.5,4,4
Greek-Style Garlic Chicken Breasts,644,58,4,28,4.5,338,246
Traditional Swedish Pepparkakor,93,4,14,1,4.5,35,26
Slow Cooker Chicken Massaman Curry,841,34,101,34,4.2,11,9
Tex Mex Stir Fry,333,16,13,32,4.6,42,25
Pinakbet,184,10,9,14,4.7,26,18
Shrimp Egg Foo Young,227,12,15,15,4.6,129,113
Bee Sting Cake (Bienenstich),226,14,20,5,3.8,44,37
Portuguese Shrimp,147,3,6,20,4.8,32,25
Air Fryer Turkey Fajitas,247,7,15,32,4.5,2,2
Plum Butter,54,0,14,0,4.7,3,3
Quick 2-Ingredient Nutella Hotteok (Korean Sweet Pancakes),308,17,34,5,5,1,1
Coconut Coconut Milk Cake,241,15,26,3,4.8,104,95
Pakistani Lentil Curry,481,15,62,26,4.4,58,43
Kheer (Rice Pudding),513,33,48,11,4.7,190,150
Pure Maple Candy,113,2,24,1,4.5,133,117
Sacher Torte,470,23,63,7,4.1,15,14
Hachee (Dutch Beef Stew),384,23,25,21,3.5,2,2
Slow Cooker Collard Greens,99,7,4,7,4.6,45,40
Finnish Kropser (Baked Pancakes),228,9,30,6,4.7,143,119
Mama's Tomato Gravy,86,8,4,1,4.7,53,48
Ratatouille,251,14,24,13,4.6,1,804
Crème Fraîche Chicken,708,43,35,48,4.5,77,64
Vanille Kipferl II,109,6,12,2,4.4,22,20
Best Pernil Ever,463,27,4,27,5,5,4
Salpicao de Frango (Brazilian Chicken Salad),355,19,31,17,4,1,1
Russian Mushroom and Potato Soup,167,8,21,5,4.8,1,963
Arvidson Swedish Pancakes,395,17,48,11,4.8,9,8
Down-Home Black-Eyed Peas,435,25,25,28,4.8,16,14
Bananas Foster,534,24,73,5,4.8,1,836
Tulumba (Deep-Fried Pastry with Syrup),242,6,45,3,NA,NA,NA
Fast and Easy Israeli Tahini Cookies,208,12,23,3,4.6,10,8
Turkish Red Lentil Soup with Mint,168,6,24,7,4.8,87,66
Isa's Cola de Mono,NA,NA,NA,NA,4.4,12,10
Chap Chee Noodles,260,13,27,11,4.3,132,93
Quick and Easy Kimchi Salad,92,6,10,2,4.4,11,10
Chupe (Peruvian Shrimp Chowder),387,18,38,21,NA,NA,NA
Mailäenderli (Swiss Butter Cookies),105,5,13,2,4.6,12,10
Chicken Massaman Curry,690,41,47,38,4.3,169,128
Easy Chimichurri,70,7,2,0,5,18,17
Cajun Chicken and Sausage Gumbo,480,40,15,16,4.7,653,543
Vietnamese Lemongrass Meatballs,306,17,16,22,4.6,7,7
Danish Ebelskiver,271,12,32,9,4.2,9,6
Kung Pao Chicken,437,23,25,34,4.3,1,1
Indian Saag,182,16,8,5,4,108,92
Rose Water White Coffee,8,NA,2,NA,NA,NA,NA
Spicy Tuna Sushi Roll,346,12,47,14,3.9,16,12
Jemput Jemput (Banana Fritters),491,49,14,1,4.1,34,28
Chef John’s Tortilla de Patatas,361,22,33,9,5,8,8
Instant Pot Jamaican Rice and Beans,454,13,64,22,4,1,1
Grilled Salmon with Chimichurri,309,24,3,19,NA,NA,NA
Ground Cherry Pie II,214,8,34,2,4.4,24,23
Bistek (Filipino Beef Steak),445,17,48,26,3,2,1
Norwegian Cabbage Rolls,316,17,27,16,5,1,1
Ceviche Peruano,237,2,29,26,4.4,26,22
Mongo Guisado (Mung Bean Soup),202,7,22,15,4.6,42,32
Roscoe's Korean Fried Chicken,750,41,70,26,NA,NA,NA
Habichuelas Guisadas,170,5,24,8,4.6,86,72
Nasi Goreng (Indonesian Fried Rice),415,10,50,31,4.8,26,22
The Rebbetzin Chef's Persian Walnut Cookies,66,5,5,1,4.2,32,30
ANZAC Biscuits with Almonds,85,5,10,1,4.1,15,14
Crispy Shrimp Tempura,1222,112,29,26,4.1,37,25
Deviled Eggs with Zip,88,7,1,6,4,28,20
Portzelky (New Year's Cookies),72,2,12,2,4.9,10,9
Szechuan Beef,306,21,13,18,3.8,177,134
Chef John’s Chicken Saltimbocca,468,31,5,42,4.9,17,16
Easy Paella,736,35,46,56,4.8,616,447
Honeycomb with Golden Syrup,101,NA,26,NA,4,4,4
Instant Pot Red Thai Curry Chicken,383,22,20,25,4.4,41,36
German Rice,716,35,79,19,4.5,35,27
Vegetarian Huevo Saltado,995,70,72,23,NA,NA,NA
Turkish Pogaça,181,10,18,6,NA,NA,NA
Jalapeño Cornbread Muffins,115,5,14,3,NA,NA,NA
Dulce de Leche,171,2,34,4,4.4,60,54
Lebanese Fatayer,64,1,11,3,NA,NA,NA
Beer Sausage,492,31,30,18,4.4,89,63
South African Pumpkin Soup with Banana and Curry,258,18,27,3,4.5,2,2
Fresh Southern Peach Cobbler,562,18,99,4,4.8,4,3
Classic Swiss Fondue,902,49,47,52,5,2,2
Okonomiyaki-Inspired Crispy Rice,446,32,32,9,NA,NA,NA
Tandoori Masala Spice Mix,19,1,3,1,4.8,31,21
Southern Fried Catfish,1427,79,132,46,4.6,186,152
Danish Peppernut Christmas Cookies (Pebernodder),19,1,2,0,4.2,23,18
Babka,338,20,35,7,4.8,12,11
Beef Stroganoff,422,31,5,30,4.7,3,2
Slow Cooker Asian Zing Chicken Noodles,314,12,21,32,4.2,6,6
Spicy Szechuan Green Beans,73,3,11,3,4.7,76,54
Chilled Lo Mein Noodles with Szechuan Peppercorns,145,10,10,3,5,1,1
Orange Cardamom Krumkake,79,3,12,1,4.7,9,8
A Drama Queen's Pavlova,207,5,40,3,4.4,32,27
Korean Doenjang-Jjigae (Soybean Paste Soup),59,3,5,5,4.8,5,3
Brazilian Collard Greens (Couve a Mineira),129,10,6,5,4,1,1
Colombian Lentils,201,5,31,9,4.6,101,81
Pfeffernusse,51,2,7,1,4.5,31,30
Old-Time Mincemeat Pie,1106,38,181,21,4.9,18,17
Thai Peanut Butter Ramen,503,27,57,15,4.3,3,2
Garlic Dill New Potatoes,330,7,62,6,4.5,361,258
Russian Cabbage and Beet Salad,119,7,14,2,4.3,3,3
Tex-Mex Ground Beef and Potato Skillet,938,59,65,40,5,1,1
Mofongo,726,56,59,6,4.8,19,14
German Zwiebelkuchen (Onion Pie),441,26,43,10,4.7,66,55
Quick Vegetarian Picadillo Empanadas,382,15,55,11,4,1,1
Spicy Bean Salsa,58,2,8,2,4.7,1,1
Pasta de Sardine,350,13,47,15,4.1,81,61
The Original Donair From the East Coast of Canada,450,14,57,22,4.4,85,67
Daddy's Shrimp Toast,666,59,18,17,4.4,16,15
Karioka Sweet Rice Balls,414,25,45,4,3.8,6,2
Szechwan Shrimp,142,4,7,18,4.4,3,2
Amish White Bread,168,3,31,4,4.8,6,5
Eel Sauce,121,NA,25,1,4.8,78,63
Skillet Chicken Bulgogi,269,12,13,28,4.6,285,219
Sauce Vierge,209,18,11,2,4.7,3,3
Classic Cuban-Style Picadillo,350,19,24,24,4.6,187,151
Matar Pulao (Rice with Peas),313,5,59,7,4.1,42,29
Swedish Cream Wafers,130,9,12,1,4.6,31,28
Vanilla Crème Brûlée,333,26,18,7,NA,NA,NA
Malaysian Beef Rendang,654,55,25,22,4.1,57,44
Creamy Israeli-Style Hummus,92,6,9,2,5,2,2
Ruthie’s Scandinavian Christmas Cookies,102,7,9,1,5,3,3
Moo Goo Gai Pan,307,10,23,34,4.4,107,76
Caipirinha Cocktail,165,0,11,1,3.5,2,2
Pashka,401,29,29,8,4.5,17,16
Vietnamese Chicken Salad,303,18,19,19,4.6,51,40
Pumpkin Kaya,31,2,3,0,4.3,3,3
Refreshing Brazilian Lemonade,145,3,28,3,4.8,5,5
Chewy Coconut Bibingka (Filipino Rice Cake),304,10,50,4,4.4,7,6
Feijoada Nordestino (Northeastern Brazilian Black Bean Stew),467,12,77,12,5,2,1
3-Ingredient Lemon Scones,190,8,26,4,4.1,7,7
Chef John's Brazilian Fish Stew,399,19,33,26,4.9,193,162
Labneh (Lebanese Yogurt),75,7,1,2,4.8,4,3
Sea Bass à la Michele,561,19,51,47,4.8,137,112
Chilean-Style Sopaipillas,286,14,36,5,4.8,11,11
Aunt Gun-Marie's Waffles,288,15,31,7,4.8,22,19
Amish Brown Sugar Cake,254,10,39,3,3,1,1
Malasadas,89,3,13,2,4.3,88,71
Filipino Ribs,773,59,19,39,4.6,85,71
Greek Turkey Meatballs,473,32,13,35,4.8,4,4
Russian Syrniki,186,7,19,11,3.9,11,11
Pakistani-Style Roast Chicken Thighs,262,18,6,20,4.3,18,18
Authentic New Orleans Red Beans and Rice,465,21,44,26,4.8,200,165
Traditional Springerle,75,1,16,2,4.7,30,29
Menemen,220,16,9,12,4.7,14,14
Portuguese Sweet Bread II,42,2,6,2,4.3,28,23
Creamy Cajun Potato Soup,620,43,43,16,5,2,2
Fondant Potatoes,239,11,34,4,4.7,313,269
Scandinavian Almond Bars,68,3,10,1,4.7,134,104
Down Home Chitterlings,312,27,1,17,4.7,73,62
Julekake,159,4,27,3,4.7,18,18
Sweet Cornmeal Cake Brazilian-Style,508,18,79,8,4.5,13,13
Sesame-Seared Tuna,422,21,13,44,4.7,541,397
Aunt Louise's Baked Kibbeh,364,23,16,23,5,2,2
Russian Cabbage Pie,431,30,33,9,5,5,5
Jamaican Oxtail with Broad Beans,425,22,18,39,4.6,146,115
Pollo a la Brasa (Peruvian Grilled Chicken),543,41,6,38,5,14,13
Swiss Steak Quick and Easy,471,14,58,30,4.4,112,91
Kate's Easy German Sauerbraten,460,27,18,28,4.6,57,40
Abade Prisco's Pudding,427,10,77,7,1,1,1
Brazilian Broa (Corn Bread),117,3,22,2,3.9,7,6
Ham with Red Eye Gravy,214,17,1,14,4.3,32,25
Pork and Black Bean Stew,482,27,27,33,4.4,109,86
Portuguese Snow Drops,82,NA,20,1,4.5,10,7
Remoulade Sauce à la New Orleans,359,37,7,1,4.7,272,222
Krumkake II,106,4,15,2,4.4,18,14
Mojo Shrimp,318,22,12,20,4.9,9,7
Pierogi Casserole,626,41,48,19,4.2,330,245
Chef John's Picadillo,485,27,26,37,4.7,66,44
Vegan Mofongo (Fried Mashed Plantains),517,10,114,7,4.7,3,1
Korean Tofu and Vegetable Soup,289,12,25,26,3.7,6,3
Easy Swedish Meatball Sauce,393,32,12,15,4.4,473,396
Sautéed Fiddleheads,80,7,3,2,4.8,51,38
Korean-Style Cucumber Salad,98,7,8,3,4,172,131
Indian Chicken Curry,313,22,14,19,4.3,1,1
Philippine Longanisa de Eugenio (Sweet Sausage),496,44,9,15,5,5,3
Lingonberry Jam,42,NA,11,0,4.8,9,9
Polish Egg Bread,413,10,67,13,4.6,16,15
Tex-Mex Grilled Flank Steak,137,7,2,14,NA,NA,NA
Easy Red Beans and Rice,289,6,42,16,4.4,581,450
Sugared Danish Butter Cookies with Pecan Halves,38,2,4,0,4,7,7
Sop Buntut (Indonesian Oxtail Soup),520,26,35,38,5,1,1
Quark (Homemade Cheese),73,3,7,5,4.4,13,11
Salmon en Croûte,1206,86,61,48,4.8,9,7
Kotlet Schabowy (Polish Breaded Pork Chop),332,22,15,18,4.5,28,26
Argentine Meat Empanadas,498,37,28,15,4.2,125,92
Red Salad,230,3,48,5,4.3,48,37
Ginger Chicken,547,20,40,46,4.9,10,8
Norwegian Potato Lefsa,756,18,133,17,4.8,38,34
Southern-Style Banana Split Cake,748,46,79,12,4.9,166,142
Nuoc Cham Sauce,32,0,8,1,4.2,41,27
Wine and Garlic Pork (Portuguese Vina Dosh),291,20,6,18,4.3,35,26
Chicken Curry Puffs,424,25,36,14,4.5,27,18
The Real Rum Runner,511,0,50,1,4.7,7,6
Empanadas Salteñas,260,14,25,9,5,1,1
Celery Herb Stuffing and Savory Chicken,599,40,19,40,4,4,3
My Own Famous Stuffed Grape Leaves,303,19,31,4,4.6,125,101
Labneh (Lebanese Cream Cheese),92,4,9,6,4.7,35,29
Russian Chicken Stew with Potatoes and Vegetables,408,6,54,34,4.4,5,4
Gujarati Kadhi,185,9,19,8,3.9,7,7
My Mango Lassi,228,10,24,12,4.7,6,5
Jamaican Fried Snapper,770,51,5,70,4.8,28,19
South African Bobotie,230,13,15,15,4.3,3,3
Easy Enchilada Casserole,576,29,47,33,4.3,170,145
Spicy Thai Noodle Salad with Peanut Dressing,193,14,14,4,3,1,1
"Cream Puff ""Crack Buns"" (Choux au Craquelin)",257,16,26,4,4.8,33,24
Holland Butter Cookies,78,5,7,1,4.3,52,49
Tzatziki Sauce,75,4,6,3,4.2,657,496
Korean Fried Chicken Sauce,50,0,13,1,4.6,49,38
Authentic Seafood Paella,784,20,74,53,4.5,15,7
French Crêpes,94,4,10,4,4.6,763,555
Air Fryer Potato-Apple Latkes,178,11,18,3,4,2,2
Air Fryer Tofu Milanesa,244,11,19,18,5,1,1
Empanada Dough,62,1,11,1,3.6,54,44
Pumpkin Mochi,539,21,83,8,4.6,95,76
Vinagrete (Brazilian Tomato Slaw),93,7,7,1,4.9,12,11
Abuela's Picadillo,378,22,22,24,4.8,32,25
Oktoberfest Chicken and Red Cabbage,271,9,24,23,4.6,115,98
Mojitos by the Pitcher,160,0,20,0,4.9,116,90
Puttanesca Pasta Bake,367,11,53,15,NA,NA,NA
Grilled Jerk Pork Tenderloin,248,11,11,27,4.4,24,20
Tembleque,470,21,74,2,3,3,3
Authentic Paella,591,22,54,42,4.7,26,18
Perfect Pot Stickers,439,19,46,20,4.7,116,91
Tuscan Pork Tenderloin,169,5,1,30,4.6,64,52
Jewish Grandma's Best Brisket,327,26,2,19,4.6,45,40
Pavlova Deluxe,254,14,30,4,4.8,40,35
Wiener Schnitzel,515,29,34,29,4.8,208,161
Baked Cuban Chicken,270,13,10,28,4.4,5,5
Malaysian Lady Fingers (Okra),97,4,9,7,5,1,1
Peruvian Potato-Chicken Salad (Causa Rellena),658,49,41,19,5,8,8
Coconut Curry Salmon with Broccoli,522,39,17,29,4.8,4,4
Buffalo Shrimp,626,32,54,30,4.7,365,270
Turkish Red Lentil 'Bride' Soup,442,14,64,19,4.7,51,37
Chimichurri Roasted Potatoes,291,14,39,5,5,3,3
Cocada (Brazilian Coconut Sweet),155,11,14,3,3,2,2
Semla,442,22,54,8,4.4,16,14
Chinese Pepper Steak,312,15,17,26,4.6,1,831
"Grillhaxe (Grilled Eisbein, Pork Shanks)",532,28,1,71,4.9,10,8
Siopao (Filipino Steamed Dumplings),346,11,44,16,3.3,25,23
Jamaican Jerk Shrimp in Foil,299,16,15,24,3.5,2,2
Avocado and Tuna Tapas,294,18,11,24,4.7,296,222
Thai Hot and Sour Soup,71,2,5,9,4.8,66,46
Cuban Picadillo,539,28,45,33,4.5,89,70
Easy Garam Masala,6,0,1,0,4.8,277,192
Oyakodon (Japanese Chicken and Egg Rice Bowl),688,15,98,35,4.5,144,98
Vietnamese Caramelized Pork,657,35,57,30,4.4,20,14
Eggs in Purgatory,245,20,10,9,4.8,5,4
Churrascaria-Style Picanha,143,8,2,16,4.9,7,7
Baked Rigatoni,580,26,54,32,4.8,4,4
Instant Pot® Puerto Rican Arroz con Pollo,632,25,66,34,3.5,19,18
Cuban Crunchwrap,2010,71,264,76,5,1,1
Crispy Chinese Noodles,151,6,20,3,4.8,11,10
My Chicken Pho Recipe,521,14,54,50,4.4,100,69
Roscoe's Chicken 65,394,14,38,31,4.3,3,3
Corned Beef Roast,465,26,28,28,4.6,70,56
Easy Hamantaschen,247,8,40,4,4.4,73,69
Korean Soft Tofu Stew (Soon Du Bu Jigae),242,17,7,20,4.1,17,15
Panang Curry with Tofu and Vegetables,765,39,91,21,4.6,8,6
Grandmother's Buttermilk Cornbread,284,12,39,5,4.8,7,5
Orange Pikelets,79,0,18,1,4.3,3,3
Jalapeño Jelly,109,0,28,0,4.8,240,209
Amish Buttered Egg Noodles,260,7,41,9,4.8,18,14
Rabbit Fricassee Cuban-Style,578,22,46,48,4.2,13,13
Bacalhau Portuguese ao Forno (Salt Cod with Tomatoes and Olives),433,7,16,73,5,2,1
Lower Fat Amish Macaroni Salad,228,5,38,7,4.6,29,24
"Super-Simple, Super-Spicy Mongolian Beef",200,12,8,15,4.6,465,334
Brigadeiro Chocolate Delights,97,4,15,2,5,2,2
Whole Rice and Lentils (Majadara),207,8,29,7,4.4,35,28
Mamon (Sponge Cakes),243,9,35,5,4.8,31,26
Quiche Lorraine,761,68,19,19,4.7,592,460
Semla (Swedish Fat Tuesday Buns),515,28,58,9,5,3,3
Fried Matzo,485,24,49,19,4.6,7,6
Mom's Buttermilk Pancakes,210,8,27,7,4.2,1,1
Sicilian Homemade Ricotta Cheese,219,16,12,8,4.8,74,64
Cabbage and Kielbasa,568,46,22,18,4.4,141,106
Borscht I,185,9,24,3,4.4,93,74
Italian-Style Bruschetta,234,11,29,6,4.7,29,25
Authentic Miso Soup,65,3,5,6,4.7,35,21
Sautéed Mushrooms (Quick and Simple),194,20,5,2,4.4,44,33
Sweet Tea Peaches,131,0,33,1,5,1,1
Hasty Pudding,226,7,40,3,4,12,11
Kielbasa,135,10,2,10,4.3,12,10
Foolproof Potato Latkes,289,13,37,7,4.3,35,29
Sabzi Polo,575,24,83,12,5,1,1
Ghormeh Sabzi (Persian Herb Stew),344,23,19,18,4.9,18,10
Dragon Fruit Shake,149,1,40,1,4,5,5
Kabab Barg,424,33,10,22,4.8,5,4
Japanese Christmas Cake,545,32,56,8,3.7,3,3
Healthier Swedish Meatballs,442,22,25,39,5,7,5
Portuguese Custard Tarts (Pasteis de Nata),210,11,25,4,4.8,175,154
Shakshooka,176,10,16,9,4.1,7,6
Dash's Donair,489,21,50,26,4.7,446,373
Sour Cream Banana Cake,802,36,114,9,4.5,83,67
Kabob Koobideh (Persian Ground Meat Kabobs),260,18,4,21,4.4,5,3
Tex-Mex Enchiladas,933,59,69,35,4.6,42,36
Homemade Sauerkraut,46,0,10,2,4.7,81,65
Malaysian Flatbread (Roti Canai) with Curried Lentil Dip,565,27,67,16,5,3,3
Newfoundland-Style Pea Soup,201,4,28,15,4.8,24,21
Homemade Tom Yum Soup,146,2,18,15,4.9,9,6
Lebanese Seven Spices,7,0,1,0,4,16,10
Aebleskiver,63,3,8,2,4.7,180,135
Canadian Walleye (Pickerel),439,16,33,38,4.2,9,6
Shrimp with Broccoli in Garlic Sauce,264,9,15,30,4.4,102,78
Swedish Cream Cheese Crepes,242,10,30,8,4.5,2,2
Slow Cooker German-Style Pork Roast with Sauerkraut and Potatoes,386,15,31,31,4.4,130,102
Creole Pot Pies,1036,67,44,65,4,1,1
Gluehwein (German Mulled Wine),NA,NA,NA,NA,4.6,33,22
Booyah Chicken,664,35,28,56,4.6,13,10
Pizza Focaccia,338,9,51,12,5,1,1
Sweet and Sour Red Cabbage,210,12,26,1,4.4,53,44
Best Fried Walleye,592,31,40,39,4.8,135,113
Yummy Korean-Style Glass Noodles (Japchae),363,11,65,2,4.6,40,31
Baked Oatmeal,393,15,59,7,4.6,1,867
Chef John's Miso Soup,80,1,11,7,5,3,2
Instant Pot Thai Chicken Soup,266,18,17,19,4.7,6,6
Quick and Easy Paella,476,19,47,26,4.8,167,128
Jamaican Curry Powder,12,1,2,1,5,9,8
Bob's Stuffed Banana Peppers,593,43,29,25,4.8,294,243
Brazilian Lemonade,152,1,36,1,4.7,476,371
Brazilian Fish Stew,359,22,16,27,4.4,410,315
Japanese Agedashi Tofu,191,13,11,6,4.4,5,4
Black Beans with Bacon,381,24,28,13,4.6,45,40
Arayes (Lebanese Crispy Meat Stuffed Pita),553,30,39,31,4.8,11,11
Puerto Rican Tostones (Fried Plantains),136,3,29,1,4.6,143,108
Coconut Sauce,161,8,23,1,3.7,11,10
Fried Cabbage and Egg Noodles,690,28,93,19,4.5,307,257
Lemon Tiramisu,817,53,76,9,4.8,4,2
Canadian Sharp Cheddar Cheese Spread,116,9,5,5,4.4,11,9
Persian Rice with Potato Tahdig,288,5,55,5,5,1,1
Boliche (Cuban Pot Roast),586,33,31,39,4.6,16,11
New Year's Day Black-Eyed Peas,120,3,17,6,4.4,233,189
Swedish Glogg,NA,NA,NA,NA,4.9,9,8
How to Make Beef Satay,484,27,19,40,4.8,85,60
DIY Finnish Lonkero (a.k.a. Long Drink),145,0,18,1,4.7,6,4
Filipino Chicken Salad,225,15,21,3,4.3,11,8
Cuban-Style Mojo Shrimp,372,25,19,20,4.5,2,2
Greek Chicken Meatballs,203,12,4,20,5,5,5
Kentucky Biscuits,154,8,18,3,4.6,1,860
Classic Beef Empanadas,393,15,52,15,4.8,6,4
Lahmacun Turkish Pizza,480,20,58,17,4.6,20,15
Thit Kho (Caramelized Pork Belly),410,26,16,27,4.4,11,8
Kongnamool (Korean Soybean Sprouts),288,23,15,16,4.5,74,57
The Right Way to Cook Greens!,217,16,16,7,4.4,32,26
Pressure Cooker Red Beans and Sausage,299,18,16,17,4.7,83,71
Baked Taco Dip,317,24,7,19,4.8,20,19
Chilean Pebre Sauce,23,1,3,1,5,5,5
Cheese Babka,513,28,44,19,4.8,58,49
Curry Stand Chicken Tikka Masala Sauce,328,23,13,18,4.9,2,1
The Real Mojito,203,0,29,0,4.8,763,533
Portuguese Coconut Cakes (Bolos de Coco),624,40,64,10,4,1,1
Flavorful Southern Fried Chicken,505,19,48,34,4.2,35,29
Amish Salisbury Steak,322,19,9,28,4.1,45,42
Thai Dipping Sauce for Spring Rolls (Nam Jim Po Piah),65,NA,17,NA,5,11,9
Balti Chicken Pasanda,606,44,22,32,NA,NA,NA
Grandma Oma's Pickled Okra,10,0,2,1,4.8,107,97
Easy Creole Okra and Shrimp,205,7,10,26,4.6,88,69
Sweet Creme de Vie,260,4,28,3,4.7,3,3
Vietnamese Coconut-Caramel Shrimp (Tom Rim),229,9,12,24,5,1,1
Brazilian Style Flan (Pudim de Leite Condensado),303,7,53,8,4.4,37,27
Sweet Potato Tempura,315,14,36,8,4.8,5,5
Anzac Biscuits III,129,7,17,1,4.6,12,10
Paneer,421,18,38,27,4.5,78,59
German Hamburgers (Frikadellen),272,16,9,22,4.5,116,103
Vatrushka,213,9,23,9,4.7,3,2
Jamaican Jerked Chicken,247,12,4,29,4.1,86,59
Instant Pot Lebanese Lentil and Chard Soup,202,4,33,11,5,2,2
Japanese-Style Triple-Seared Steak,997,65,3,65,3.5,4,4
Blackened Seasoning Mix,9,0,2,0,4.7,187,142
Mango Ceviche,80,0,20,1,3,2,1
Cheese Bourekas,294,20,20,9,4.5,21,15
Blini (Russian Pancakes),525,26,57,14,4.8,49,33
Argentinean Potato Salad,271,18,22,6,4.4,31,26
Vietnamese Grilled Pork Skewers,201,11,15,11,5,2,NA
Easy Brazilian Spiced Salmon,223,11,10,22,4.2,5,4
Traditional Filipino Lumpia,168,11,11,7,4.8,509,409
Easy Haupia,52,4,4,0,3.7,29,21
Pakistani Batter-Fried Potatoes,305,12,43,7,4,1,1
Pisco Sour,NA,NA,NA,NA,4.6,23,23
Gefilte Fish,513,14,32,62,4.5,8,8
Norwegian Butter Sauce (Sandefjordsmor),242,26,7,2,4.4,30,28
Mark's Surprise Meatloaf,261,15,13,17,4.3,3,3
Paneer Tikka Masala,323,23,17,14,4.9,14,12
Lebanese White Coffee,15,NA,4,0,NA,NA,NA
Pad Thai,524,21,59,26,4,769,566
The Best Chicken Fried Steak,832,29,71,68,4.5,1,1
Polish Potato Soup,343,13,49,9,4.6,20,20
Finnish Meatballs (Lihapyorykoita),747,53,36,33,4.2,82,72
Patacones de Colombia (Fried Plantains),105,4,19,1,5,3,3
Godeungeo Jorim (Korean Braised Mackerel with Radish),178,8,14,13,5,2,2
Brigadeiro Dessert,338,21,32,8,NA,NA,NA
Ottilienkuchen (German Chocolate Sprinkle Cake),378,24,35,6,5,2,2
Korean Hot Wings,459,23,39,26,4.6,38,29
Slow Cooker Spanish Beef Stew,241,12,14,20,4.4,244,187
Bacalao a la Vizcaina (Basque-Style Codfish Stew),475,19,32,42,4.6,48,35
Flapper Pie,490,22,66,9,4.2,32,27
Vietnamese Lemongrass Beef and Noodles,411,10,58,25,4.8,4,4
Crêpes Suzette,322,19,27,5,5,2,1
Best Jambalaya,465,20,42,28,4.8,1,950
Danish Oatmeal Cookies,61,5,5,1,4.6,104,92
Shortcut Pierogies,526,28,62,14,5,6,6
Chef John's Spanish Garlic Soup (Sopa de Ajo),447,27,34,17,4.6,71,51
Chicken Bhuna,183,9,16,12,3.9,7,5
Thai Carrot Salad,183,5,34,4,4.7,29,27
General Tso's Chicken,634,37,55,24,4.8,1,1
Blender Hollandaise Sauce,163,18,1,2,4.5,985,774
Canary Island Red Mojo Sauce,110,11,3,1,4,3,3
Buchi,243,9,38,2,3.8,6,5
Kaiserschmarren – Austrian Torn Pancakes,768,35,86,24,5,4,4
Limber de Coco (Coconut Ice),212,14,19,4,4.3,6,5
Authentic Thai Coconut Soup,314,22,17,15,4.6,94,74
Pakistani Lamb Chops,452,30,20,26,5,2,2
Indonesian Ratatouille with Tempeh,401,19,43,22,NA,NA,NA
Amish Sugar Cakes,186,8,27,2,4.1,89,70
Peach Bellini,131,NA,11,0,4.9,11,10
Fried Kimchi,25,1,5,1,4.6,5,5
Russian Beet Salad with Herring,120,8,9,3,4.7,33,27
Roman-Style Pizza,413,20,39,17,4.9,7,7
The Best Thai Coconut Soup,368,33,9,13,4.7,1,1
Thai Red Curry Chicken Soup,303,23,17,16,4.9,19,19
Japanese Ginger Pork,289,20,4,19,4.5,61,46
Creamy Manjar (Dulce de Leche),110,3,20,3,4,2,2
Yellow Pickled Eggs,141,5,18,7,4.2,25,20
Jerk Chicken and Pasta,595,25,60,37,4.3,66,52
Cajun Shrimp,166,5,1,28,4.7,221,149
Satay Sauce,112,10,4,3,4.6,103,84
Portuguese Muffins - Bolo Levedo,287,5,53,7,4.7,26,23
Lebanese Chicken Shawarma,365,13,8,51,4.2,15,10
Homemade Portuguese Chicken,492,35,5,40,4.5,39,33
Erin's Indonesian Chicken,530,19,58,35,4.4,318,232
Cheese Rösti,531,22,69,16,4.1,41,37
Ropa Vieja (Cuban Beef),209,13,10,12,4.8,25,21
Sangria by the Pros,NA,NA,NA,NA,4.6,131,100
Kesme Helva,414,18,56,6,NA,NA,NA
Instant Pot® Cuban-Style Black Beans,234,3,40,14,4.4,42,33
Russian Garden Salad,206,16,14,4,4.4,19,13
Japanese-Style Rolled Omelet (Tamagoyaki),192,14,3,13,4.3,4,4
Thai Noodles,571,19,65,37,4.4,130,90
Jerk Chicken Wings,253,16,11,17,4.9,168,126
Lamingtons,249,11,37,3,4.2,75,57
Yaki Udon,212,11,23,10,4.3,4,3
Best Bread Pudding with Vanilla Sauce,546,17,92,11,4.8,637,521
Chicken Biryani,832,35,79,48,4.3,162,128
Vegetable Biryani,458,8,87,10,4.5,58,42
Rice Cooker Spanish Rice,280,7,48,7,3.8,18,12
Linguica (Smoked Portuguese Sausage),431,31,8,26,4,1,1
Polish Meat and Potatoes,661,45,46,19,4.5,238,199
Tyrolean Nut Cake (Tiroler Nusskuchen),432,30,36,8,NA,NA,NA
Coconut (Haupia) and Chocolate Pie,654,43,70,5,4.4,234,191
Grilled Chicken Adobo,255,7,11,37,4.3,254,179
Cajun Seasoning Spice Mix,6,0,1,0,4.8,454,315
Hawaiian Cake,566,33,66,6,4.2,19,15
Waterzooi (Vaterzoy),341,24,7,23,4.5,17,12
Hawaiian Apple-Pineapple Crumble,416,5,93,3,4.6,9,9
Donair,517,15,67,28,3.9,36,31
Korean Kimchi,30,0,6,2,4.4,7,6
Pastelon (Puerto Rican Layered Casserole),463,15,70,18,4.8,10,7
Chef John's Chicken Tikka Masala,625,48,19,34,4.8,605,440
Mom's Potato Latkes,371,30,22,6,4.8,170,133
Borscht with Meat,482,37,15,22,4.6,17,13
Air Fryer Beignets,88,2,16,2,3.5,24,21
Rendang Gaging (Beef Stew),367,27,12,20,3.2,5,4
Black-Eyed Peas and Ham Hocks,516,18,55,35,4.4,42,40
Buffalo Chicken Chili,301,9,30,28,4.5,207,154
Corn and Roasted Red Pepper Salad,234,6,55,6,3.5,2,2
Filipino Beef Steak,638,47,4,48,4.6,52,29
Cajun Deep-Fried Turkey,1036,71,3,91,4.8,45,34
Puerto Rican Shepherd Pie (Pastelon),439,14,64,20,4.3,23,16
Pineapple Upside-Down Cake II,486,25,62,5,4.3,294,235
Basic Congee,205,5,26,12,NA,NA,NA
Sweet Russian Cabbage Soup,314,11,28,28,4.7,537,454
Beef Bulgogi,232,13,12,16,4.8,1,755
Authentic Pad Thai Noodles,397,23,40,13,4.3,77,54
Creamy Dill German Potato Salad,331,15,39,11,NA,NA,NA
Kale and Cabbage Soup,199,8,25,11,4.3,18,14
Spanish Octopus,513,30,15,35,4.8,20,11
Lefse,147,6,21,3,4.4,13,8
Lebanese Mountain Bread,47,2,6,1,4.7,34,25
Danish Spiced Rye Bread (Sigtebrod),287,6,54,6,4.9,26,22
Australian-Style Pumpkin Scones,128,2,26,3,4.2,10,10
Sfouf (Lebanese Turmeric Cake),283,14,38,3,4.5,2,1
Chili Lime Chicken,301,22,3,24,4.3,19,15
Sharlotka,231,5,42,6,4.3,3,3
Easy Portuguese Bean Soup,265,15,25,10,4.4,25,20
Lamb Börek,449,28,24,25,4.4,12,11
Apricot Anzac Biscuits,219,11,29,3,4,2,1
Kalbi (Korean BBQ Short Ribs),1096,86,45,36,4.8,253,182
Vermicelli Noodle Bowl,659,13,112,26,4.8,102,72
Coconut Rum Brazilian Lemonade,169,2,28,2,5,2,2
Chicken Tinola,532,23,14,66,4.7,97,71
Pierogi (Traditional Polish Dumplings),76,2,11,3,5,2,NA
Lamb Souvlaki,346,29,1,19,4.9,7,7
Brown Sugar Pie I,346,9,63,4,4.4,108,91
Joy's Green Banana Salad,217,7,31,11,4,5,4
Toasted Cuban Sandwich,696,54,30,24,4.5,17,10
Gravlox,121,6,3,11,4.7,23,19
Kala Chola Pakistani-Style,386,15,52,15,4.8,4,4
"Okra, Corn and Tomatoes",167,5,28,6,4.5,121,99
Creamy Cajun Shrimp and Sausage Pasta,408,27,28,15,5,3,3
Easy Hoppin' John,406,17,45,18,4.5,39,34
Beef and Beet Borscht,138,8,12,6,4.9,83,68
Bread Machine Swedish Coffee Bread,283,5,53,8,4.8,69,59
Blackened Tuna,243,14,1,27,4.6,265,182
Garlic Prawns,231,19,6,10,4.5,127,88
Vegan Turkish Red Lentil Soup,285,6,47,16,4.4,11,9
California Roll,445,11,70,15,4.4,31,17
Brazilian Cheese Bread (Pao de Queijo),385,23,40,6,4.3,373,302
Greek Salad,265,22,14,6,4.6,274,193
Green Chile Chicken Casserole,420,20,27,33,5,5,5
Duck Soup (Czarnina),712,46,33,43,4.4,11,7
Red Pepper and Cabbage Pickle,106,5,15,2,NA,NA,NA
Garlic and Herb Cream Cheese,138,14,1,2,4.5,79,73
Russian Cabbage Rolls with Gravy,377,21,27,21,4.5,20,14
Chicken Katsu,297,11,22,31,4.7,926,668
Easy Cuban Salad,190,18,8,2,3,1,1
Swedish Tea Ring,83,2,16,1,4.6,21,17
Curried Beef with Winter Vegetables,343,18,41,10,4.4,19,16
Flavorful Persian Braised Lamb Shanks,432,27,13,29,4.5,6,6
Lazy Pierogi,529,29,58,12,3.7,22,21
Hychin,560,22,61,29,5,2,1
Dave's Georgia Black-Eyed Peas,431,25,31,21,4.8,210,161
Hawaiian Cookie Tarts,163,11,17,1,NA,NA,NA
Lamb (Gosht) Biryani,544,25,64,17,4.9,34,24
Amish Country Casserole,551,29,42,31,4.3,3,3
Hummingbird,NA,NA,NA,NA,4.8,44,41
Amish Tomato Pie,469,37,19,17,4.8,36,30
Lazy Wonton Soup,418,21,25,30,4.9,16,16
Amish Buttermilk Pie,194,8,28,4,4.8,5,5
Slow Cooker Mojo Chicken,470,15,8,71,3.5,4,4
Khoresht Fesenjaan (Chicken with Pomegranate Sauce),743,52,49,29,3.8,25,18
Shiraz Salad,61,0,15,2,5,2,2
Peruvian Locro (Butternut Squash),673,32,79,23,4.3,13,12
Slow Cooker Puerto Rican Shredded Pork,296,18,8,26,4.6,19,16
Beijinho de Coco (Coconut Little Kiss),152,5,24,3,4.1,26,19
Biriyani,395,11,56,16,4.2,19,12
Tex-Mex Beef Bowl with Avocado Cilantro Dressing,789,46,73,31,4.7,9,5
Bjarne's Norwegian Meatballs,351,22,10,26,5,9,8
Nuoc Cham (Vietnamese Spicy Dipping Sauce),36,0,9,1,5,5,4
Brigadeiro,70,2,11,2,4.6,348,283
Atsara (Papaya Relish),112,0,28,1,4.9,10,8
French Onion Soup Gratinée,618,36,39,30,4.8,1,1
Miraculous Canadian Sugar Pie,331,8,62,4,4.5,44,39
Paksiw na Pata (Pig's Feet Stew),342,21,9,30,4.7,17,12
Atchara (Filipino Pickled Red Cabbage),28,0,7,1,NA,NA,NA
Korean Street Toast,938,70,50,32,4.9,46,45
Scandinavian Sweetheart Waffles,288,10,42,8,4.8,25,24
Nazook (Sweet Persian Pastry),336,18,40,4,5,2,1
Queijadas,148,3,28,3,4.5,140,119
Bengali Chicken Curry with Potatoes,368,10,42,28,4.1,84,66
Turkish Kebabs,512,34,36,16,4.6,24,15
South African-Inspired Butternut Soup,213,8,37,4,4,1,1
Amish Friendship Banana Nut Bread,160,7,23,3,4.8,43,33
Spring Roll Bowl,574,32,38,38,4.8,4,4
Thai Pasta Salad,291,17,32,7,NA,NA,NA
Easy Flan,292,7,50,9,4.4,180,155
Vietnamese Spring Rolls With Dipping Sauce,137,1,23,10,4.6,38,24
Sex-in-a-Pan,251,16,25,3,4.2,29,22
Empanadas,226,10,32,2,4.6,446,370
Beans and Greens Tartine,514,32,38,20,NA,NA,NA
CindyD's Somewhat Southern Fried Chicken,661,35,37,48,4.4,54,43
Pennsylvania-Dutch Pickled Beets and Eggs,252,5,45,7,4.8,205,166
Easy Chimichurri Sauce,167,17,3,1,5,2,2
Ash Reshteh (Persian Noodle and Bean Soup),475,11,76,23,4.8,14,9
Spanakopita (Greek Spinach Pie),494,35,32,18,4.6,884,682
Copycat Wingstop Cajun Corn,185,16,12,2,4.7,7,7
Creamy Tuscan White Bean Skillet,603,20,81,34,4.9,13,13
Beef Empanadas,535,22,66,23,4.5,2,1
Chicken Fried Rice,255,10,26,14,4.5,2,1
Feijoada,683,39,44,40,4.2,6,5
Ash-e-jow (Iranian/Persian Barley Soup),193,7,28,6,4.4,100,73
Portuguese Chourico Stew,336,22,21,14,4.5,15,12
Chef John's Bigos (Polish Hunter's Stew),640,45,19,32,4.4,32,23
The Best Classic Beef Stroganoff,447,36,12,19,4.5,2,1
Arepas de Queso,127,7,12,5,4.6,5,5
Golden Butter Rice,161,12,13,1,4.8,17,16
German Pork Chops and Sauerkraut,363,10,39,29,4.5,240,194
Provencal White Beans,219,10,25,9,5,3,2
Fårikål,123,2,18,11,4.6,20,17
"Daddy Eddie's Roast Pork (Pernil), Puerto Rican-Style",355,24,2,32,4.8,68,50
Southern Grits Casserole,403,30,17,17,4.5,284,233
Spinach Quiche with Chicken,352,28,13,12,4.8,56,42
Avocado-Lime Shrimp Salad (Ensalada de Camarones con Aguacate y Limon),301,17,19,23,4.6,50,40
Easy Turkish Delight,87,NA,22,1,4,6,6
Slow Cooker Butter Chicken,501,37,19,30,4.5,719,517
Classic Spanish Sangria,NA,NA,NA,NA,4.6,964,741
Blinis,269,14,21,14,4,1,1
Panang Curry with Chicken,596,51,19,22,4.7,259,188
Wasabi Shrimp Sushi Cups,92,4,9,5,5,1,1
Italian Salsa Verde Marinated Mozzarella,150,13,2,7,NA,NA,NA
Instant Pot® Pho,721,31,39,72,NA,NA,NA
Garlic Chicken Fried Chicken,391,11,37,33,4.6,1,975
"Chard Lentil Soup, Lebanese-Style",361,14,51,11,4.4,63,53
Sangria Cocktail,128,NA,9,0,4.3,12,9
Southern Grilled BBQ Ribs,519,36,25,25,4.9,301,223
Cuban Chicken Sandwich,661,19,64,54,5,2,2
Mandelmakronen (Almond Meringues),40,2,5,1,3.3,7,7
Louisiana Crawfish Boil,541,22,38,51,4.8,26,22
Red Lentil Curry,192,3,33,12,4.5,1,1
Pan de Queso (Brazilian Cheese Buns),69,4,8,2,4.5,6,5
Cuban-Style Yuca,268,9,43,6,4.4,79,63
Dooky Chase-Style Fried Chicken,1763,110,49,135,5,15,15
Chef John's Chimichurri Sauce,255,27,3,1,4.8,228,172
Chinese Broccoli,101,4,15,1,4.3,73,56
Beef Stroganoff with Ground Beef,495,38,14,24,4.2,50,41
Keema Aloo (Ground Beef and Potatoes),362,18,23,26,4.6,343,271
Stroopwaffels I,602,32,75,6,4.9,18,16
Kringla II,167,7,24,2,4.6,33,28
Chef John's Cuban Bread,172,4,29,4,4.5,74,67
Perfect Sushi Rice,112,1,24,2,4.4,546,426
Cilantro and Garlic Potatoes,250,12,33,4,4.2,69,52
Malaysian Barbecue Chicken Wings,755,54,7,58,4.4,69,51
Bûche de Noël,276,18,28,5,4.7,430,341
Country Ham and Biscuits,656,40,57,16,5,5,5
Chrusciki,119,11,5,0,4.9,17,16
Quick Blender Carrot Cake,518,24,70,7,NA,NA,NA
Polish Cabbage Noodles,570,23,79,16,4.5,239,189
Omelet in a Bag,484,34,8,38,4.5,411,354
Portuguese Sausage Soup,448,27,32,21,5,3,3
Norwegian Potato Flatbread (Lefse),139,5,21,3,4.9,11,9
Thai Spicy Basil Chicken Fried Rice,794,22,116,29,4.7,201,142
Speculaas,368,18,48,5,4.2,11,10
Teriyaki Rib Eye Steaks,297,18,14,20,4.6,100,66
Smooth Sweet Tea,73,NA,19,NA,4.8,1,1
Jamaican Fried Dumplings,472,20,64,9,4.3,72,60
Apple Matzo Kugel,240,9,38,4,4.7,43,35
Quick Chinese-Style Vermicelli (Rice Noodles),271,7,48,2,4.1,150,116
Zimbabwean Chicken and Vegetable Soup,266,15,24,12,4.7,53,43
Swedish Ground Almond Spritz Cookies,84,5,9,1,4.2,28,26
Green Beans in Seasoned Tomato Sauce,72,4,10,2,3.3,6,6
Jag (Portuguese Rice and Beans),562,34,45,19,4.8,8,7
Anzac Biscuits (Australian Coconut-Oat Cookies),222,10,33,2,4.6,148,124
My Big Fat Greek Salad,352,32,13,6,4.9,125,94
Filipino-Style Congee (Lugaw),552,15,80,22,4,3,3
Kuku Sabzi,203,16,9,8,NA,NA,NA
Pani PoPo,221,9,33,4,5,9,6
Japanese-Style Ginger Salad Dressing,170,18,3,1,4.2,174,141
Sweet Potato Latkes,217,5,37,8,4.6,42,33
Laura's Famous Aebleskiver,330,5,54,15,4.6,21,18
Classic Cuban Midnight (Medianoche) Sandwich,1453,88,69,92,4.7,184,152
Fattet Betenjan (Eggplant and Yogurt Salad),435,17,59,16,NA,NA,NA
Ground Beef Stroganoff Casserole,298,11,29,18,4.4,24,22
The Best Thai Peanut Sauce,160,14,6,7,3.9,285,226
Authentic Filipino Pancit,390,17,42,17,5,11,9
Italian Cherry Margarita,222,0,16,0,5,1,1
Quick Banana Nut Cake,273,12,38,4,3,2,2
Kielbasa and Cabbage,343,27,12,14,4.6,880,687
Authentic Chicken Empanadas (Empanadas de Pollo),280,14,25,13,4.3,4,3
Brazilian Chicken with Coconut Milk,345,20,12,29,4.3,480,362
Vietnamese Fresh Spring Rolls,82,1,16,3,4.7,755,555
Spicy Crab Curry - Bangla Style,247,6,31,19,NA,NA,NA
Japchae Korean Glass Noodles,673,17,117,17,4.5,34,25
Mojo Pollo Asada (Roast Chicken),562,40,2,46,4.6,72,52
Chicken Madras,423,22,18,38,4.7,6,4
Indian Summer Raspberry Peach Sangria,175,0,22,1,5,8,4
Sinigang na Baka,304,20,15,18,4.6,51,36
Ratatouille Bake,188,8,22,10,4.6,534,384
Bistro-Style Steak,800,60,3,53,4,3,3
Pork Lo Mein,415,11,55,26,4.5,166,128
Maja Blanca,289,24,21,3,5,1,1
Hawaii Five-O So Good Ice Cream,432,29,41,5,NA,NA,NA
French Apple Cake,287,13,38,3,4.9,103,99
Jerk Chicken Pizza,358,17,30,23,4.3,16,10
Christmas Brunch Casserole,421,33,17,14,4.4,493,375
Quindim,187,7,30,2,4,12,10
Milk Flitcher Pie,358,11,63,3,4.1,10,9
Solianka (Russian Beef Soup),478,30,27,25,4.8,35,31
Swedish Nuts,298,26,17,3,4.7,113,93
New York Strip Steak au Poivre,838,65,6,47,NA,NA,NA
Broa (Portuguese Cornbread),257,4,47,7,3.2,6,5
Air Fryer Spanakopita,118,7,11,4,4.3,3,3
Moist Herman Coffee Cake,204,10,27,2,3.7,7,6
Matzoh Ball Soup,583,39,10,45,4.1,18,18
Moussaka,567,39,29,24,4.6,654,501
Swedish Meatballs with Creamy Dill Sauce,417,28,14,26,4.5,53,42
Thai Fried Rice with Pineapple and Chicken,267,10,30,13,4.3,32,21
Rollkuchen (Mennonite Fritters),80,4,9,2,4.1,9,7
Instant Pot Galbi (Korean-Style Short Ribs),657,47,31,25,4.4,9,6
Bánh Xèo (Vietnamese Crêpes),788,22,107,45,4.2,6,6
Mixed Vegetable Curry,244,10,34,6,5,2,1
Nanaimo Bars,311,20,34,3,4.7,369,288
Short Ribs Pizzaiola,814,57,13,61,5,1,1
Jägerschnitzel,917,57,30,67,4.6,554,408
General Tao Chicken,522,27,35,35,4.4,420,305
Perfect Mixed Greens,174,11,17,6,4.3,49,39
Apple Strudel II,620,29,87,7,4.3,8,6
Kaiserschmarrn,507,16,70,14,4.6,21,15
Korean-Style Salad Dressing,66,5,4,1,4.6,8,5
Russian Cheese Salad,134,10,2,10,4.5,26,19
Amish Bread,58,5,4,0,4.7,639,520
Roasted Okra,65,5,6,2,4.7,567,424
Chakalaka,101,4,16,3,4,2,2
Mexican Layered Dip,195,13,13,7,4.7,268,182
Prawn Malai Curry,343,21,14,25,4.5,15,10
Indian Style Basmati Rice,216,5,39,4,4.7,369,252
Swiss Almond Carrot Cake (Aargauer Rueblitorte),439,21,57,11,NA,NA,NA
Gajar Ka Halwa (Carrot Halwa),459,14,80,9,5,2,1
Authentic Greek Moussaka,617,44,33,26,4.7,10,10
Mild Coconut Tofu Curry,700,49,45,31,3.8,19,16
Authentic Chicken Tikka Masala,403,25,21,27,4.7,274,200
Pakistani Chapli Kebab,312,21,8,22,4.5,14,12
Cap Cai,250,12,19,19,4.3,16,15
Air Fryer Spanish Tortilla,222,12,17,12,5,3,2
Chicken Pho,324,11,34,20,NA,NA,NA
Beef and Cabbage (Lazy Golumpki),287,10,37,14,4.4,81,76
Chi Chi Dango,125,3,25,1,4.7,103,88
Vegan Turkish Baked Eggplant,257,19,22,5,4.5,2,2
Crawfish Salad,171,6,9,19,4,1,1
California Style Israeli Salad,100,7,9,2,4.3,31,23
Red Wine Reduction Sauce,152,10,4,1,4.4,18,17
Chef John's Chicken Lazone,411,25,6,39,4.8,63,62
Sufganiyot,720,40,76,14,4.6,20,15
Easy Three-Ingredient Gluten-Free German Christmas Coconut Cookies,46,3,5,1,5,3,3
Tex-Mex Pantry Casserole,411,18,43,21,4.7,7,4
Menemen (Turkish Scrambled Eggs),705,26,91,29,NA,NA,NA
Mediterranean Meat Pies (Sfeeha),412,29,26,13,4.6,34,26
Octopus in Tomato Sauce,499,12,44,45,4.5,10,9
Moqueca de Peixe Baiana (Brazilian Fish Stew),454,34,16,25,4.3,4,2
Spanish Gazpacho,104,7,9,2,4.9,14,12
Beef Empanadas with Olives and Raisins,424,18,48,20,4,1,1
Puerto Rican Rice and Beans (Arroz con Gandules),256,4,47,7,4,1,1
Favorite Fry Bread Tacos,696,41,51,33,4.2,21,18
German Anise Christmas Cookies (Springerle),115,1,25,2,3,7,6
Russian Potato Salad,478,28,43,15,4.6,37,30
Apples in Pajamas,232,14,25,3,4,24,18
Karaage (Japanese Fried Chicken) with Honey Mayoster Sauce,681,48,46,22,4.8,6,5
Oladi (Russian Kefir Pancakes),214,6,33,6,4.8,5,5
Raisin Butter Tarts,368,15,54,4,3.9,28,24
Belgian Iron Cookies,249,8,40,5,4.2,6,6
Spicy Tuna Rolls,344,13,39,17,5,1,1
Gluten-Free Sandwich Cookies with Dulce de Leche (Alfajores),222,10,31,2,5,2,2
Chocolate Hamantaschen,120,6,15,2,5,1,1
Swedish Apple Pie,386,23,45,3,4.7,161,133
South African Lamb Sosaties (Kebabs),172,3,32,7,3.9,12,10
Okra and Tomatoes,65,2,11,4,4.7,115,92
Phyllis’s Braised Collard Greens,427,22,13,45,NA,NA,NA
Hearty Portuguese Bean Soup,268,13,26,13,4.5,38,30
Crunchies,122,7,15,1,4.3,13,12
Gramma's Date Squares,363,13,64,4,4.7,496,410
Argentinian Steak with Red Chimichurri,758,56,23,44,4.3,3,3
Ants Climbing a Tree Glass Noodles,860,37,82,49,5,3,3
Macarons,73,3,12,1,4.8,39,31
Thera's Canadian Fried Dough,284,10,46,6,4.8,45,38
Strawberry Sando,990,95,28,10,NA,NA,NA
Polish Sauerkraut and Carrot Salad,235,14,27,2,4.9,7,6
Cheater Pierogi,499,28,38,23,4.4,22,16
Old Charleston-Style Shrimp and Grits,618,44,16,39,4.9,1,965
Nana's Beef Stroganoff,514,34,14,35,4.6,159,129
German Rouladen,264,17,8,19,4.6,354,292
Patron Mojito,184,NA,14,0,4.7,6,6
Boterkoek (Dutch Butter Cake),264,13,34,3,4.8,71,64
Siopao (Filipino Steamed Buns),153,4,26,3,4.3,4,4
Brazilian Style Chocolate Pudding,163,5,24,5,3.8,5,4
Tembleque Puerto Rican Coconut Pudding,395,28,39,3,4.8,56,46
Chocolate Babka,378,20,46,6,4.9,63,50
Maria's Portuguese Bacalau,701,31,25,77,4.6,56,45
Ostkaka (Swedish Cheesecake),195,10,23,4,NA,NA,NA
Karelian Pies (Karjalanpiirakka),106,3,17,3,4.6,43,34
Chicken Curry V,491,20,8,67,4.4,16,11
A Number-One Egg Bread,214,9,27,6,4.5,237,201
Lumpia in the Air Fryer,98,6,7,5,4.6,7,3
Korean BBQ Short Ribs (Galbi),710,56,23,29,4.8,257,193
Greek-Style Potatoes,418,19,59,7,4.6,612,460
Amish Baked Oatmeal,375,18,50,7,4.9,8,8
Shakshuka,209,15,13,8,4.8,410,306
Deep Fried Corn Meal Sticks (Sorullitos de Maiz) with Dipping Sauce,421,30,37,3,4.8,46,32
Spicy Vietnamese Quick-Pickled Vegetables,27,0,6,1,5,6,5
Baked Chicken Marinara,614,18,17,91,4.3,3,3
Speculaas Cookies or Spicy Sinterklass Cakes,97,5,11,1,3.9,11,8
Stewed Cabbage,200,12,23,4,4.6,361,280
"Filipino Steamed Rice, Cebu Style",466,26,34,22,4,2,2
Layali Lubnan (Lebanese Nights),415,11,74,8,4.6,15,12
Sweet Polish Sausage,837,62,41,28,4.5,188,147
Austrian Jam Cookies,88,4,13,1,3.9,79,68
Chef John's Quick Cassoulet,906,44,72,54,4.8,77,63
Kimberly's Curried Deviled Eggs,73,6,1,3,4,23,21
Tartufo,428,29,45,4,5,1,1
My Classic Puerto Rican Carne Guisada,568,23,34,50,5,1,1
Perfect Baked Jerk Chicken,572,53,2,22,4.6,278,214
Fried Okra,394,29,29,5,4.7,378,297
Apple Danish with Crescent Roll Dough,461,29,46,6,5,1,1
Asopao de Pollo,553,18,55,38,4.6,55,45
Danish Christmas Red Cabbage,144,0,37,1,4.6,79,60
Authentic Cincinnati Chili,251,12,7,27,4.8,291,238
Avgolemono Soup,485,22,33,37,4.8,91,75
Swedish Apple Cake,551,20,93,5,4.4,11,8
Vegetable Banh Mi,742,29,106,15,5,1,NA
Sour Cream Dough for Pierogi,67,1,12,2,4.2,12,11
Havregrynskugler (Danish Oat Balls),92,4,13,2,3,1,1
Stroopwaffels II,126,4,20,1,3.7,3,3
Chômeur's Pudding,344,9,66,3,4.7,58,47
We Be Jammin' Jamaican Banana Bread,131,4,22,2,4.2,70,61
Glogi,291,2,55,2,4,2,1
Vietnamese Style Vegetarian Curry Soup,479,27,51,16,4.4,104,69
Greek Orzo Salad,393,13,57,14,4.6,633,479
Easy Cajun Jambalaya,488,14,59,29,4.5,793,596
Thai Coffee,64,2,11,2,3.5,24,19
Suspiro Limeño,401,12,62,12,4.1,9,7
Brazilian Carrot Cake,529,23,78,6,4.5,35,26
Bougatsa,842,55,73,14,5,2,1
Greek Lentil Soup (Fakes),357,16,40,16,4.6,672,520
Pannukakku (Finnish Oven Pancake),220,10,28,5,4,2,2
Taiwanese Popcorn Chicken,940,92,8,22,4.5,12,6
German Marble Cake,346,15,46,6,4.3,87,76
Sheet Pan General Tso's Chicken and Broccoli,553,27,54,24,4.7,3,2
Potato Plum Dumplings,326,10,53,7,4.6,46,40
Homemade Phyllo (or Filo) Dough,178,3,33,4,4.7,40,36
Lite Brocamole,30,2,3,1,4.2,13,10
Portuguese Pork and Clams,557,20,48,35,4.3,6,6
Yaki Mandu (Korean Dumplings),125,6,12,6,4.7,14,10
Persian Cucumber Yogurt (Maast-o Khiar),46,1,6,4,4.3,56,45
South African Malvapoeding (Marshmallow Pudding),396,22,48,4,4.6,40,33
Best Bobotie,375,27,17,16,4.4,67,56
Sesame Chicken with Broccoli,652,32,31,60,4.5,6,6
Aji de Gallina,357,16,27,25,4.2,49,38
Spicy Korean Fried Chicken with Gochujang Sauce,398,8,52,29,4.3,10,7
Peruvian Cilantro Rice,190,3,27,12,3.6,36,34
Swedish Waffle Cookies,335,26,23,2,5,3,2
Russian Ant Hill Cake,656,38,73,8,5,2,NA
Cold Russian Borscht,107,5,12,5,4.4,18,15
Swedish Nut Bars,375,24,33,12,4.3,12,11
Ash Reshteh,564,28,63,19,5,2,2
Cheesy Pork Taco Rice,384,16,39,21,4.7,35,28
Caldo Verde (Portuguese Green Soup),417,21,47,14,4.4,123,99
Vegan Puerto Rican Empanadas,437,28,32,14,5,1,1
Sausage Rolls,301,21,15,13,4.9,33,33
Maritime Donair Sauce,112,3,19,3,4.9,82,71
Rappie Pie,733,9,104,58,4,6,6
German Rocks,179,9,23,3,4.7,14,13
Spanish-Style French Toast (Torrijas),874,17,161,30,NA,NA,NA
Cajun Boudin,188,7,20,11,3.7,12,10
Country Cooking Slow Cooker Neck Bones,518,48,1,19,4.2,48,42
Colleen's Slow Cooker Jambalaya,235,14,6,20,4.6,2,2
Butter Tarts,641,32,86,8,4.7,289,230
Chocolate-Covered Matzo,351,22,39,2,4.9,18,15
"Eggplant, Roasted Pepper and Chicken Pitas",492,18,60,23,4.8,24,18
Sinigang na Bangus (Filipino Milkfish in Tamarind Broth),291,7,38,23,4,1,1
Pork Sinigang,240,9,12,27,4.5,32,22
Freddo Cappuccino,35,0,5,3,NA,NA,NA
Jamaican Rice and Peas,391,13,60,11,4.6,28,22
Cucumber and Avocado Sushi,171,5,29,3,4.5,61,42
Restaurant-Style French Onion Soup,792,38,77,31,4.8,187,154
Chicken Jalfrezi,265,17,7,20,4.6,479,367
Old-Time Kentucky Bacon Milk Gravy for Biscuits,190,13,12,6,4.6,104,85
Cream Cheese and Crab Sushi Rolls,444,8,80,11,4.6,49,34
Maui Banana Cream Tube Cake,300,11,46,5,4.6,36,27
Pollo (Chicken) Fricassee from Puerto Rico,643,18,85,33,4.3,196,145
Shrimp Mozambique,349,16,29,16,4.5,17,14
Duck Fesenjan,668,48,32,31,4.7,11,8
Finnish Summer Soup,563,21,83,19,4.4,28,15
Easy Challah Bread,211,4,37,7,4.4,73,62
Best Ever Pinto Beans,353,8,50,22,4.6,62,54
Nicole's Cajun Chicken and Sausage Jambalaya,545,33,24,38,4.8,8,8
Apple and Honey Sorbet,188,0,51,1,4.8,17,15
Kid-Friendly Chicken Katsu,613,29,60,29,NA,NA,NA
Asian Garlic Beef Cubes (Vietnamese Bo Luc Lac or Shaking Beef),329,27,3,18,4,9,6
Jerk Pork Chops,235,9,5,31,3.9,104,78
Tex-Mex Air Fryer Hash Browns,186,4,34,4,5,3,2
Sushi Party,516,12,88,13,4,4,3
Haydari (Turkish Yogurt Dip),92,6,6,5,4.4,11,6
Stroopwafels with Treacle,523,20,81,6,4.7,3,2
Japanese Tamago Egg,63,4,3,4,4.7,42,30
Pan-Fried Halloumi,256,21,4,14,4.5,4,2
Cajun Seafood Pasta,695,37,62,32,4.8,1,890
Swedish Chocolate Balls (Chokladbollar),131,9,13,2,4.8,10,8
Vietnamese Iced Coffee,129,3,22,3,4.6,97,74
Beer Glazed Brats and Sauerkraut,454,33,15,17,4.5,86,65
German Rhubarb Streusel Cake,322,15,42,4,4.4,5,4
Kafta (BBQ),227,14,2,22,4.4,155,117
Ashley's Chicken Katsu with Tonkatsu Sauce,718,37,73,30,4.3,123,96
Cinnamon Babka,276,12,38,5,5,1,1
Beignets,543,18,83,12,4.8,317,247
Pomegranate Stew with Chicken (Khoresh Fesenjan),785,39,95,24,4.2,76,58
New Year Black-Eyed Peas,307,13,28,18,4.7,133,113
Fatayer (Lebanese Meat Pies),239,7,29,13,5,1,1
Hawaiian Wedding Cake,390,18,57,4,4.8,123,104
Vegetarian Pho (Vietnamese Noodle Soup),483,13,78,17,4.9,15,12
Hoppin' John,231,8,32,9,5,11,11
Basque Cake,205,3,41,5,3.8,29,23
Hawaiian Pizza,322,14,34,14,4.8,12,11
Honey BBQ Sauce,65,0,17,0,4.9,90,75
Bánh Mì,657,25,85,24,4.7,94,71
Unstuffed Shells Pasta Bake,508,30,28,32,4.6,5,5
The Best Ever Classic Jewish Noodle Kugel,313,11,47,8,4.6,46,38
Greek Seasoning Blend,9,0,2,0,4.6,129,104
Cuban Mojito,NA,NA,NA,NA,4.5,45,31
Italian Wedding Pasta Bake,570,34,44,24,4.5,12,11
Coffee Panna Cotta,365,29,19,8,NA,NA,NA
Air Fryer Pão de Queijo,97,6,9,3,NA,NA,NA
Best Sweet and Sour Brisket,401,25,24,19,4.8,231,190
Korean Cucumber Salad,117,6,16,2,4.9,14,8
Codfish with Cream,2266,190,77,69,4.6,22,16
Piña Colada Sorbet,284,10,51,1,4.7,67,53
Caldo Verde (Portuguese Sausage Kale Soup),565,26,62,25,4.7,65,57
Norwegian Christmas Cabbage,206,6,33,8,4.7,33,28
Halupki (Stuffed Cabbage),468,30,22,28,4.6,222,188
Chicken Cordon Bleu,419,19,13,46,4.6,2,1
Swedish Cream,298,23,22,3,4.6,14,10
Famous Japanese Restaurant-Style Salad Dressing,82,8,3,0,4.4,391,320
Matzah,63,1,12,2,4.9,76,61
Quince Paste,170,0,44,0,4.6,7,7
Papa a la Huancaína (Huancayo-Style Potatoes),586,37,46,20,4.7,14,10
German Semolina Pudding,259,5,41,12,4.8,20,15
Malaysian Mango Chicken Curry,361,9,42,29,4.4,125,97
Toaster Biscuits,196,4,34,6,3.7,15,12
Air Fryer Pakoras,81,1,14,4,4.1,10,9
Thai Cucumber Salad,245,9,38,6,4.8,587,439
Dolmas (Stuffed Grape Leaves),207,4,39,5,3.8,35,29
Indian Chicken Curry (Murgh Kari),427,24,15,38,4.7,1,1
Brazilian Black Bean Stew,508,15,71,23,4.7,495,381
Pochero,959,52,59,64,4.7,3,3
Green Onion Garlic Naan Bread,282,5,53,10,4.5,15,13
Vienna Schnitzel,542,25,45,32,4.7,143,109
Baked Chicken In a Sweet BBQ Sauce,275,4,32,25,4.2,65,50
Bobotie (South African Beef Casserole),441,27,13,36,4.9,10,10
Grandma's Aebleskevers,298,15,35,7,NA,NA,NA
BaumKuchen,462,26,56,6,4.9,8,6
Quick and Easy Thai Style Coleslaw,119,7,13,2,3.7,49,40
Easy Lamb Gyros,402,25,34,26,NA,NA,NA
Ground Beef and Cabbage,193,9,4,22,4.6,506,437
Mexican Style Dip,239,18,5,13,4.6,90,72
Instant Pot® Jamaican Chicken Curry,330,17,23,22,4,1,1
Orange Chicken,445,11,69,18,4.6,2,1
Garlic Rice,293,9,46,6,4.5,92,73
Australian Damper,133,1,26,4,3.8,41,31
Kringla,119,4,20,2,3.9,18,16
Turkish Chicken Kebabs,539,33,8,52,4.8,171,134
Bengali Dhal,224,4,34,13,4,25,18
Squash and Kohlrabi Empanadas,308,20,28,5,4.3,14,9
Dansk Aebleskiver (Danish Doughnuts),145,11,10,3,4.5,19,17
Indian Lassi,50,1,6,4,4.3,26,18
Oven Fried Okra,95,2,19,3,4.1,35,27
Turkish Eggs (Cilbir),430,34,8,25,5,75,65
Dave's Low Country Boil,722,29,46,68,4.8,554,421
Captain Duarte's Salt Cod Cakes,396,5,32,54,4.4,40,38
Authentic Russian Salad 'Olivye',261,12,31,8,4.7,37,29
Caldereta (Filipino Beef Stew),518,36,25,26,4,6,5
Apple Cake with Cream Cheese Frosting,284,15,36,3,4.8,84,76
Dutch Boterkoek,236,15,25,2,4.4,7,4
Moroccan Shabbat Fish,278,12,6,36,4.4,27,23
Gisela's Butternut Squash Soup,245,9,43,5,4.6,31,27
Braised Collard Greens,582,48,13,25,4.8,90,78
Mom's Stovetop Pork Ribs,461,32,11,34,4.6,643,526
Easy Baklava,201,14,18,3,4.8,367,299
Chocolate Santafereño (Colombian-Style Hot Chocolate),544,32,47,17,5,1,1
Portuguese Custard Tarts - Pasteis de Nata,336,18,39,5,4.4,153,119
Bang Bang Chicken,404,21,27,27,4.7,115,97
Russian Pelmeni,212,7,25,11,4.7,22,19
Best Vinegar Coleslaw,224,9,35,2,4.8,534,433
Linzer Tart Cookies,442,30,40,7,4.8,153,126
Jamaican Curry Chicken,348,20,14,28,4.7,100,82
Pakistani Spicy Chickpeas,205,7,30,6,4.3,96,74
Chilean Alfajores,86,4,11,2,3,2,1
Filipino Baked Milkfish (Baked Bangus),394,16,14,50,4.3,3,3
Empanada Filling,318,21,16,17,4.3,8,5
Amish Friendship Chocolate Bread,170,10,18,2,4.4,102,89
Sheet Pan Cajun Butter Shrimp,339,23,2,31,5,5,5
Ginger Sekanjabin,NA,NA,NA,NA,4.8,22,20
Mitzie's Beef Stroganoff,329,19,14,24,4.4,124,95
Copycat Din Tai Fung Cucumber Salad,43,2,5,1,5,1,1
Manaaeesh Flatbread,322,19,34,5,4.7,7,4
Chinese Spareribs,503,31,23,30,4.7,117,97
Mulligatawny Soup,223,16,14,7,4.8,1,1
Filipino Corned Beef and Cabbage,398,29,9,25,4.7,14,11
Air-Fried Peruvian Chicken Drumsticks with Green Crema,271,18,6,22,4.5,31,28
Sweet Plantain Pie,643,33,76,20,4.7,10,10
Holland Boterkoek,219,11,29,2,4.6,32,26
Fleischsalat (German Meat Salad),349,32,5,9,NA,NA,NA
Chickpea Tikka Masala,485,10,80,22,5,3,2
Potato Klubb (Norwegian Potato Dumplings),378,23,38,5,4.6,35,31
Jerk Marinade Seasoning Rub,235,5,53,6,4.9,41,34
Thai-Style Fragrant Rice,438,18,63,7,4.1,15,10
Arepas de Huevos,2108,225,21,8,NA,NA,NA
Homemade Lox,120,3,13,10,4.8,28,27
Rosemary Steak,506,35,2,33,4.3,52,38
Puerto Rican Arroz con Pollo,491,23,41,26,4.6,10,5
Southern Spicy Fried Chicken,480,24,42,25,4.3,61,47
Spanish Paella,524,18,57,29,4.7,177,134
Mamita's Mojito Scallop Kabobs with Stuffed Tomatoes,770,21,99,56,4.3,3,2
Italian Style No Mayo Tuna Salad,380,15,30,32,4.5,2,2
Traditional Gyros,425,41,43,22,4.4,39,30
Ham and Egg Noodles (Schinkennudeln),523,38,28,18,NA,NA,NA
Amish Apple Dumplings,924,32,161,6,4,4,4
Easy and Delicious Homemade Ricotta Cheese,158,8,13,8,4.6,14,13
Sweet and Sour Cabbage Soup,380,12,14,52,4.7,15,15
Penang Pork Satay,153,9,8,10,4.8,18,14
Beef Bulgogi with Dipping Sauce,405,19,15,43,5,2,1
Sticky Rice with Passion Fruit Sauce,270,15,36,3,NA,NA,NA
Danish Almond Puff,424,26,42,6,4.5,54,50
Passover Charoset,195,10,28,3,4.8,10,8
Russian Beet and Potato Salad,145,7,20,2,4.5,51,40
Norwegian Lefse,96,2,17,2,4.3,87,79
Best Hummus,27,2,3,1,4.7,105,95
Amish Friendship Cake,256,11,34,6,4.1,14,12
Chicken Teriyaki,819,30,51,84,4.1,7,7
Russian Black Bread,159,3,30,4,4.6,224,192
Chicken Bog,717,43,29,50,4.3,97,80
The Perfect Simplified Sushi Vinegar,97,NA,25,NA,4.9,7,6
Argentine Lentil Stew,266,4,46,13,4.2,160,121
Tourtière (French Canadian Meat Pie),485,32,31,18,4.6,290,227
Cod Piccata,517,19,35,57,5,1,1
French Canadian Tourtière,405,27,22,18,4.4,215,176
Shadi's Soup-e Mahicheh,307,22,5,22,NA,NA,NA
"Gambas Pil Pil (Prawns, Chilean Style)",278,19,4,19,4.1,7,4
Taylor's Piroshki,447,25,42,14,4.6,173,140
Mansaka,537,27,39,35,4.2,134,111
Beefs Portuguese Style,467,39,4,21,4.2,48,36
Pouding Chomeur,602,33,76,5,4.2,14,12
Amish Chocolate Pudding,274,4,58,4,3.3,3,3
Lebanese 7 Spices,15,1,3,1,5,2,2
Famous Chicken Adobo,361,22,7,33,4.5,364,294
Caramel-Coated Catfish,404,17,24,37,4.2,22,20
Swedish Sticky Chocolate Cake (Kladdkaka),288,13,41,3,4.6,141,117
Indian Spiced Onions,28,0,7,1,3.3,8,8
Greek Couscous Salad,254,6,42,9,4.6,136,91
Chef John's Crème Fraîche,52,6,1,0,4.9,249,203
Nut Filling for Kolacky Cookies,79,6,6,2,4.9,7,5
Authentic Swedish Pancakes,66,3,8,3,4.6,82,70
Ashure,390,3,88,8,4.9,7,5
Easy Pork and Sauerkraut,139,4,12,13,4.3,43,35
Easy Bundt Pan Roasted Greek Chicken and Vegetables,738,33,56,54,4.7,19,19
Chinese Eggplant with Garlic Sauce,187,8,29,5,4.6,287,232
Jam Kolaczki,168,10,17,2,4.2,210,173
Meet Lemon Pesto: The 5-Ingredient No-Cook Sauce Ready Before Your Pasta's Done Boiling,481,32,46,12,5,2,2
White Peach Sangria,NA,NA,NA,NA,4.7,506,393
Vietnamese Salad Rolls,187,2,31,12,4.6,69,55
Lazy Man's Pierogi,356,11,52,14,4.4,72,59
Bulgogi (Korean Barbecued Beef),243,15,6,20,4.4,191,142
Kroppkakor - Swedish Potato Dumplings,207,9,25,6,3.5,6,4
Great-Grandmother Bubbie's Hamantaschen,182,5,34,3,4.7,26,23
Portuguese Burnt Sugar Candy,16,NA,4,NA,4.1,16,14
3-Ingredient Japanese Cheesecake,151,11,9,4,4.6,25,16
Authentic Paella Valenciana,783,31,87,34,4.1,48,38
Easy Chinese Corn Soup,121,2,24,5,4.4,101,86
Brazilian Banana Bread,355,5,74,6,4.1,21,16
Lebanese Fattoush,257,17,24,5,4.3,8,8
Bistec Encebollao,423,32,6,26,4.6,93,74
Disney's Ratatouille,275,19,25,6,4.8,453,338
Classic Chicken Pad Thai,797,29,98,40,5,3,3
Finnish Runeberg Tortes,257,15,28,3,4,1,NA
Japanese Pan Noodles,258,2,50,7,4.3,18,16
Easy Indian Butter Chicken,880,82,13,26,4.7,1,967
"Strawberry, Ginger, and Mint Sekanjabin",NA,NA,NA,NA,4.9,23,21
Beef Stifado in the Slow Cooker,378,16,21,31,4.3,13,10
Shirazi Salad,157,10,21,3,5,3,3
Asian Coconut Rice,453,21,61,7,4.7,683,517
Korean Fried Chicken,472,24,44,19,4.8,139,103
Sfoof (Lebanese Semolina Turmeric Cake),188,10,24,1,4.2,24,18
Classic Spicy Southern Fried Chicken,503,29,29,31,5,2,2
Ginataang Manok (Chicken Cooked in Coconut Milk),709,60,7,39,4.3,48,42
Banh Xeo (Vietnamese Shrimp Pancakes),413,23,39,16,NA,NA,NA
Linzer Torte Cookies,114,5,17,1,4.6,61,48
Danish Chicken Liver Pate,168,14,4,8,5,2,2
Espetinho de Queijo Coalho Com Abacaxi (Brazilian Grilled Cheese with Pineapple),83,4,10,3,NA,NA,NA
Jewish Chicken Soup,525,27,40,32,4.8,82,71
Mild Cheesy Chicken Enchiladas,520,31,32,29,4.2,335,249
Homemade Sushi Rolls,NA,NA,NA,NA,4,1,NA
Smothered Collard Greens and Cabbage,179,13,11,6,4.7,52,40
Lemon Garlic Butter Chicken Spiedini,636,41,21,43,4.7,43,43
Chef John's Roman-Style Chicken,458,27,11,40,4.9,23,23
Mutton Varuval (Malaysian Indian-Style Goat Curry),206,8,6,27,4.8,4,2
Amish Yumazuti,422,17,46,23,4,392,318
Lentil and Green Collard Soup,307,12,39,15,4.4,185,144
Easy Mango Salad,84,1,19,2,4.3,9,6
Easy Sausage and Shrimp Gumbo,568,45,19,21,4.6,43,37
Korean BBQ Galbi,1092,79,58,39,4.7,47,39
Southern-Style Buttermilk Fried Chicken,480,27,29,29,4.2,191,158
Kruschicki,23,1,3,1,4.7,21,19
Simple Malaysian Fried Chicken,1238,96,4,85,4.6,54,46
Jewish Apple Cake,394,18,56,5,4.8,229,190
Old-Fashioned Swedish Glögg,NA,NA,NA,NA,4.9,35,29
Amish Potato Salad,497,31,49,9,4.7,134,114
German Schwenkbraten,649,48,16,39,4.5,25,19
Cuban Smoked Sausage with Chickpeas,510,28,40,25,4.5,58,52
Brazilian-Style Carrot Cake with Chocolate Sauce,438,16,72,6,3,1,1
Breakfast Grits,240,9,31,8,4.5,67,55
Super Easy Cabbage Stir Fry,65,4,7,2,4.6,94,75
Fresh Israeli Salad,127,9,10,2,4.3,3,3
Vegetarian Borscht,264,6,44,10,5,3,2
Chef John's Grilled Mojo Beef,382,23,16,29,4.8,104,82
Swedish Pickled Cucumbers,29,0,7,1,4.7,24,18
Jamaican Style Curry Chicken,210,15,6,13,4.6,160,126
Easy Mojitos,121,0,7,0,5,24,20
Finnish Oven Pancakes,181,8,21,5,5,1,1
Chef John's Red Beans and Rice,542,21,63,26,4.8,265,212
Kwek Kwek (Filipino Street Food),150,9,16,2,4.3,3,2
4-Ingredient Orange Chicken,615,23,85,20,4.2,37,34
Easy Chinese Fried Noodles,161,13,7,4,4.6,214,166
Super Easy Polish Cabbage Rolls,273,7,28,25,4.3,28,24
Greek-Style Chicken Pops,457,34,24,22,NA,NA,NA
Jibarito,1220,100,65,24,4.5,27,23
Spanish Garlic Shrimp (Gambas al Ajillo),227,15,3,19,4.6,90,67
Spicy Tex-Mex Salad,542,33,53,11,4.6,36,29
Southern-Style Neck Bones,1134,102,10,42,4.8,123,100
Lumpia - Filipino Shrimp and Pork Egg Rolls,43,2,4,2,4.7,24,20
Almond Cookies (Dim Sum Variety),173,11,18,2,4.9,42,36
Anise Waffle Cookies,89,3,13,2,4.5,8,8
Swedish Meatballs (Svenska Kottbullar),309,21,12,17,4.8,826,638
Easy New Zealand Squares,280,13,42,3,4.3,12,11
Banh Mi Burgers,487,27,27,33,4.6,32,24
New York Knish - Yo!,232,10,33,4,3.9,14,13
Vietnamese Lemongrass Chicken,308,19,4,29,4.8,83,69
Filipino Beef Giniling (Afritada Style),488,26,35,29,4.9,16,15
Moo Shu Chicken,319,14,17,30,5,4,4
Empanadas Abiertas de Humita (Creamy Corn Empanadas),224,9,31,6,4.4,5,4
Kropsua (Finnish Pancake),438,28,36,11,4,2,2
Tortilla Española,340,16,37,14,4.6,51,36
One-Pot Lebanese Chicken and Rice,680,27,61,44,3.3,4,3
Jamaican Plantain Tarts,107,4,17,2,4.3,21,20
Chef John's Patatas Bravas,678,55,43,6,4.6,89,72
Amish Casserole,630,30,57,33,4,176,145
Galette des Rois,229,15,20,3,4.9,52,46
Chicken Sofrito,515,20,43,36,5,1,1
Bazlama - Turkish Flat Bread,505,4,100,15,4.6,73,53
Cajun Blackened Catfish,466,43,2,18,4.7,75,60
Chef John's Buttermilk Biscuits,143,7,17,3,4.7,1,1
Quick and Easy Pancit,369,5,65,18,4.4,522,414
Vietnamese Caramel Chicken,464,30,7,39,5,3,3
Lisa's Jerk Chicken,433,23,20,37,4.8,41,32
Espinacas con Garbanzos (Spinach with Garbanzo Beans),169,5,26,7,4.5,452,337
Hawaiian Bread I,169,4,29,4,4.5,238,188
Lancaster Lefsa (Old World Recipe),116,5,16,2,4.5,2,1
German Lebkuchen,120,1,27,2,4.8,31,23
Sweet Chili Thai Sauce,37,0,9,0,4.6,190,155
Mom's Kimchi Egg,208,19,4,8,4.9,25,22
Polish Egg Salad,204,19,3,7,4.4,157,137
Copycat Chicken Fritta,1345,71,108,67,5,3,2
Bayy's Special Jamaican-Style Oxtail,384,17,19,41,NA,NA,NA
Tex-Mex Turkey Soup,684,31,59,46,4.8,612,469
Northern Ontario Partridge (Ruffed Grouse),484,26,12,30,4.5,53,46
Danish Cinnamon Snails,301,15,37,6,4.7,62,48
Cuban Black Beans II,290,8,44,14,4.4,195,145
Russian Honey Cake,795,49,85,10,4.9,76,69
Potato Soup with Gravlax Rosettes,331,18,34,12,5,1,NA
Easy Plum Cake,304,13,45,4,4.8,12,11
Tea Party Sandwiches (Puerto Rican Version),340,18,31,12,4.8,4,4
Puerto Rican Sancocho,424,8,74,19,4.6,12,10
Bihari Kabab,835,68,21,37,5,3,3
Tuscan Salmon,566,40,7,40,4.6,7,7
Jamaican Curried Goat,238,8,20,22,4.6,7,7
Shami Kabab (Bun Kabab),259,18,8,16,4.7,3,3
Cornish Finnish Michigan Pasties,882,50,76,30,4.5,171,153
Cheesy Baked Grits,267,20,15,8,4.6,90,74
Slow Cooker Creamed Corn,193,15,14,3,4.6,789,623
Best Apple Crumble,660,31,92,7,4.2,24,20
Tourtiere (French Canadian Meat Pie),767,47,47,37,4.8,181,146
Chinese Chicken Fried Rice,425,10,48,35,4.3,427,298
Instant Pot Lebanese Lentil Soup (Shorbat Adas),456,9,77,23,4.9,16,14
Baked Swedish Rice Pudding,231,8,33,8,4.7,6,5
"Big Ray's White Bean, Kale, and Kielbasa Soup",404,20,40,20,4.7,26,19
Italian Macerated Strawberries,85,3,17,2,4.7,17,13
Puerto Rican Rice and Beans,330,6,51,12,4.5,4,4
Cathead Biscuits,336,12,49,8,4.7,59,52
Norwegian Pfeffernerse,257,14,32,2,4,5,5
Turkish Fish Stew,456,12,53,33,4.7,81,63
Rose Pavlova Cakes,81,5,8,1,5,1,1
Sweet and Sour Pork,663,35,75,14,4.8,1,915
Fairy Bread,146,8,17,2,4.1,58,51
Torsk (Scandinavian Cod),670,47,33,30,4.4,379,308
Jewish Apple Cake from Bubba's Recipe Box,528,20,83,6,4.7,120,104
Slow Cooker Pernil Pork,367,21,6,38,4.5,231,168
Southern Collard Greens,471,34,17,27,4.3,115,93
Pisco Sour Cocktail,210,NA,17,4,4.7,3,2
Oxtails with Gravy,391,20,5,47,4.7,186,154
Arroz con Pollo Perunao (Peruvian Rice with Chicken),739,30,65,46,4.5,64,53
Teena's Overnight Southern Buttermilk Biscuits,273,12,35,6,4.6,127,107
Malaguena Lemon and Dill Vinaigrette,263,27,4,0,5,14,13
Authentic Pad Thai,583,21,79,22,4.3,297,227
Indonesian Chicken Skewers with Peanut Sauce (Satay Ayam),326,22,9,25,4.6,18,11
Persian Shish Kabob,297,14,3,38,4.7,38,29
Norwegian Krumkake,51,2,7,1,4.6,33,25
Louisiana Shrimp Creole,253,9,21,24,4.6,408,327
Vegetarian Bibimbap,395,19,45,14,4.6,192,126
Tomato Bredie,531,31,25,37,4.8,24,20
Filipino Chicken Sopas,345,14,35,20,5,1,1
Tri-Tip Bulgogi,700,33,33,66,4,1,1
Vegetarian Mexican Lasagna,411,21,40,19,4.8,22,16
Day After Thanksgiving Turkey Pho,755,27,100,24,4.8,27,21
Amish Butter and Egg Dinner Rolls,172,5,28,4,4,4,4
Linzer Cookies,82,3,13,1,4.5,10,9
Pastitsio,556,36,22,34,4.6,160,126
Chef John's Swedish Meatballs,479,36,10,28,4.6,645,511
Lazy Golumpki (Stuffed Cabbage) Soup,276,11,32,15,4.5,19,15
Speculaas Cookies,163,8,21,2,4.8,8,7
Charoset,98,8,7,2,4.8,5,5
Carne Guisada,677,47,19,45,4.7,203,164
Stuffed Breast of Veal,261,12,15,23,3.9,15,15
Slow Cooker Barbeque Chicken,364,3,60,23,4.6,255,191
Vietnamese Pork and Five Spice,288,16,4,30,4.1,9,8
Freddo Espresso,24,0,6,0,NA,NA,NA
Peruvian Chicken Soup (Aguadito de Pollo),391,15,45,19,4.5,109,77
Sinigang na Isda sa Miso (Fish Stew with Miso),404,11,24,53,4.5,2,2
Andouille Sausage,482,46,1,16,4.6,26,23
Coquito,354,14,46,7,4.8,380,312
Sambal Sauce,38,2,5,1,4,3,3
Macarons (French Macaroons),92,1,18,3,4.3,369,292
Kecap Manis (Sweet Soy Sauce),65,NA,17,NA,4.4,8,6
Lemon Chicken Orzo Soup,167,4,22,12,4.8,519,406
Puerto Rican Canned Corned Beef Stew,354,21,15,26,4.8,19,14
Spanish Cod,170,7,7,21,4.5,194,138
Thai Red Chicken Curry,271,16,11,25,3.9,490,378
Matzo Brei,222,10,24,9,4.5,37,32
Dol Sot Bi Bim Bap,937,38,121,36,4.7,43,24
Loukoumades,167,7,24,3,4.7,39,26
Arabic Fattoush Salad,169,9,19,5,4.7,50,36
Authentic Lebanese Fattoush,235,2,49,9,4.4,31,24
Simple Swedish Pancakes,228,7,30,12,4.3,3,2
Turkish Stuffed Flatbread (Gozleme),293,12,38,9,NA,NA,NA
Wonton Soup,195,6,21,13,4.7,386,279
Coquito de Puerto Rico,194,7,28,3,5,7,3
Mardi Gras King Cake,437,14,73,7,4.7,390,325
Mom's Beef Shish Kabobs,626,39,15,54,4.8,338,266
Cajun-Spiced Sauce,102,8,7,3,NA,NA,NA
Thai Chicken,466,21,17,53,3.8,197,167
Caipirinha,NA,NA,NA,NA,4.3,43,35
Chicken and Sausage Jambalaya,623,40,29,37,4.2,5,5
Stuffed Turkey Legs,581,24,8,78,4,31,22
Portuguese Sweet Rice,296,5,53,10,4.5,47,42
Broccoli and Carrot Stir Fry,90,6,8,3,4.6,9,9
Fabada,603,39,37,27,4.2,10,8
Amish Buttermilk Biscuits,223,9,30,5,4.9,9,9
Horseradish Beets (Chrin),84,1,20,2,4.2,12,9
Maria's Paella,814,30,87,47,4.5,64,47
Beef Pho,885,24,102,61,4.4,146,108
Brazilian Coffee Cookies,49,2,8,1,4.3,48,40
Perfect Fried Green Tomatoes,443,23,52,8,4.9,72,65
Filipino Lechon Kawali,502,45,2,21,4.8,9,8
Chef John's Sausage & Shrimp Jambalaya,495,25,37,30,4.7,848,649
Finnish Nissua,216,5,37,6,4.6,59,51
Indonesian Satay,329,18,12,31,4.6,465,354
Cazuela de Vaca (Beef and Pumpkin Stew),314,11,35,22,4.7,22,17
Kachumbari,124,8,15,3,5,3,3
Schupfnudeln (German Fried Potato Dumplings),286,6,50,8,3.5,2,2
Tuscan Chicken Casserole,597,40,13,48,4.7,7,7
Turmeric Golden Milk with Turmeric Paste,150,6,22,2,5,8,7
Pork Roast and Sauerkraut,406,25,16,27,4.3,16,14
Paneer Butter Masala,469,41,15,11,4.9,28,22
Kookoo Sabzi (Fresh Herb Frittata),238,21,7,8,5,2,1
Russian Cheese Pancakes (Syrniki),151,7,16,8,5,6,5
Vietnamese Lemongrass Chicken Curry,813,58,5,64,4.1,14,11
"Portuguese Chourico, Beans, and Rice",722,24,109,19,4.4,7,6
Souvlaki,189,8,4,24,4.8,1,725
Portuguese Sausage and Kale Soup (Caldo Verde),586,37,35,28,4.5,4,4
Pork Scallopini,627,43,30,33,4.5,17,16
Pho Ga Soup,231,5,32,14,4.5,50,39
Overnight Matzo Bake,311,9,48,10,NA,NA,NA
Apfelkuchen (Apple Cake),370,14,57,5,4.8,61,49
Pineapple Mango Daiquiri,337,0,41,1,4,2,1
Ba'corn Cheese Corn,268,17,22,11,4.8,79,60
Rugelach,102,7,8,1,4.8,302,254
Dave Matthews,NA,NA,NA,NA,5,11,8
Tanya's Jamaican Spice Bread,245,5,47,3,4.7,15,14
Aebleskiver (Danish Pancakes),127,5,18,4,4.1,14,12
Butter Chicken (Murgh Makhani),552,38,22,33,4.8,48,31
Bolo de Fuba Cremoso (Creamy Cornmeal Cake),532,22,76,12,3.1,7,5
Sizzling Steak Fajitas,NA,NA,NA,NA,4.5,45,32
Korean Banana Milk,243,4,47,5,4.1,8,5
Sausage and Pepper Penne,638,22,85,27,4.9,38,26
German Rhubarb Almond Cake,608,30,77,10,4.8,5,4
Persian Saffron Chicken,320,21,5,28,4.6,11,11
Polish Chicken and Dumplings,704,34,53,43,4.5,181,153
Instant Pot Vegan Tex-Mex Bowls,674,15,111,30,4.3,3,3
Danish Red Cabbage,120,4,21,2,4.6,10,9
Colombian Ahuyama Soup,88,3,15,2,3.8,6,5
Mahalabia (Lebanese Cardamom Pudding),214,5,39,5,4,1,1
Lebanese Fattoush (Bread Salad),241,14,26,5,4.7,3,3
Peanut Butter Noodles,330,12,47,11,4.5,1,1
Biko,463,10,90,5,4.5,25,16
Anzac Biscuits,90,5,11,1,4.3,8,5
Soul Smothered Chicken,372,23,22,19,4.7,477,380
Hawaiian Coconut-Banana Bread,258,15,33,4,NA,NA,NA
Finnish Blueberry Pie,310,13,47,4,4.7,24,20
Cuban Tamales,284,15,24,11,5,2,2
Cheeseburger Focaccia,433,17,50,19,NA,NA,NA
Yazdi Cakes,215,14,20,3,4.7,40,31
Real Hummus,54,3,7,2,4.6,1,932
Danish Oven Pancake (Aeggekage),361,20,34,12,4.4,30,21
Italian Steak Pizzaiola,477,33,12,30,4.5,4,4
Baked Sweet and Sour Chicken Thighs with Pineapple,463,14,45,44,4.6,8,8
Cordon Bleu Chicken Rolls,490,25,14,50,4.6,476,344
Chicken Pastina,320,19,24,13,3.5,2,1
Egg and Potato Curry,671,39,56,27,4,6,5
Air Fryer Po' Boy,655,22,74,39,NA,NA,NA
Passover Matzo Lasagna,242,9,23,16,4.6,30,26
Cape Malay Pickled Fish,238,10,16,21,4.8,12,10
Chef John's Hot Water Cornbread,873,84,30,3,5,5,5
Kibbee Lebanese Style,417,29,17,22,4.6,22,18
Turducken,836,53,5,79,4.8,28,25
Chickpeas and Chorizo,411,21,37,19,4.3,21,19
Monster Sour Cream Enchiladas,975,64,47,56,4.4,71,53
Light and Easy Greek Potato Salad,105,7,10,1,4.7,76,65
No-Bake Cannoli Pie,664,50,46,11,4.8,8,6
Easy Spoon Bread,225,10,27,8,4,2,2
Adobong Pusit (Squid Adobo),198,7,3,28,4.1,10,9
Frozen Lemon Pavlova,476,17,77,8,4.5,4,4
Quick Beef Stir-Fry,268,16,9,23,4.5,463,331
Vegetarian Korma,462,31,41,9,4.6,1,1
Amish Macaroni Salad,532,25,66,9,4.5,1,1
Ayam Bakar (Indonesian Grilled Chicken),464,28,18,38,5,2,2
Thai Chicken Curry in Coconut Milk,269,12,6,31,4.1,155,121
Delicious Easy Chicken Francese,395,18,20,35,4.3,338,260
Easy Mochi,183,0,43,3,4.4,65,53
Vietnamese Stir-Fry,475,34,9,32,4.3,17,15
Kokub's Mango Chutney from Pakistan,107,0,27,0,4.8,45,39
Cuban Ropa Vieja,261,16,10,21,4.4,749,535
Chinese Pork Dumplings,540,25,50,28,4.8,215,161
Greek Baklava,393,26,38,6,4.8,2,1
Mongolian Beef and Spring Onions,391,12,55,18,4.6,1,889
Chocolate Black Tea Cake,421,24,49,7,4.2,33,26
Blackened Salmon Fillets,511,38,5,37,4.7,1,893
Smokey Vegetarian Cuban Black Bean Soup,356,10,48,18,4.3,4,4
Slow Cooker Reuben Dip,298,23,6,18,4.6,506,376
Yellow Rice with Vegetables,206,1,43,4,4.7,17,14
Sole Meuniere,485,28,25,33,5,3,3
Tex-Mex Chicken Casserole,480,30,31,24,4.4,38,29
Vietnamese Eggplant with Spicy Sauce,273,21,22,3,5,2,2
Mallorca Bread,253,10,35,5,NA,NA,NA
Swedish Meatballs (From a Swede!),69,6,1,4,4.3,86,71
Pâte Sucrée,324,18,37,4,4,1,NA
Irmik Helvasi (Turkish Semolina Halva),497,34,51,2,NA,NA,NA
Lutefisk,380,8,NA,71,5,2,NA
Hoppin’ John,212,4,33,13,4.8,5,4
Chicken Fra Diavolo,413,26,7,38,4.9,14,14
Lomo Saltado (Peruvian Steak Stir-Fry),585,34,42,30,4.9,17,13
Good New Orleans Creole Gumbo,283,17,12,21,4.9,1,1
Pear Tarte Tatin,444,22,58,4,5,1,1
Seven Layer Tex Mex Dip,221,17,11,8,4.7,289,210
Dessert Crepes,164,8,17,6,4.8,1,865
Klupskies (Polish Burgers),270,15,11,22,4.4,38,35
Tzimmes,129,3,27,2,4.8,5,5
Grilled Pollo a la Brasa,176,7,4,25,5,3,2
Arroz con Leche,325,6,59,8,4.4,70,56
Passover Rolls,312,22,23,8,4.4,31,26
Vietnamese Beef and Red Cabbage Bowl,410,27,23,24,4.4,5,5
Greek Lemon Chicken and Potato Bake,551,29,42,35,4.6,885,694
Hot Banana Salsa,14,0,3,0,4.7,35,27
Chimichurri Muy Pefecto,336,36,4,1,4.3,14,12
Gyoza Sauce,8,0,1,1,4.5,158,120
Southern Fried Chicken,491,32,16,33,4.7,307,247
Danish Cabbage,126,8,12,4,3.9,13,10
5-Ingredient Cajun Pasta,849,67,39,24,4.6,8,7
Swedish Cream with Summer Berries,357,28,22,3,4.5,40,30
Louisiana Red Beans and Rice,556,22,62,27,4,215,170
Tropical Hawaiian Wedding Cake,297,9,52,5,4.6,80,69
Bread Machine Challah,182,7,26,4,4.5,265,232
Khao Soi Soup,726,49,58,21,5,11,9
Indonesian Spiced Rice,226,6,40,4,4.6,47,34
Arroz Tapado (Rice-On-Top),510,18,63,23,4.4,26,24
Goat Stew,272,7,27,26,4.7,60,53
Pandan Chiffon Cake,227,12,24,6,5,2,2
Greek Horiatiki Salad,233,18,14,7,5,30,27
Amish Cinnamon Bread,155,9,18,2,4.5,61,49
Chinese Tea Eggs,75,5,1,7,4.7,30,27
Traditional Gyro Meat,258,17,1,24,4.6,345,280
Authentic Saag Paneer,299,20,18,17,4.6,153,116
Russian Green Bean and Potato Soup,222,7,36,6,4.5,132,109
Danish Pastry Apple Bars,356,18,47,4,4.6,125,111
Champorado,428,25,53,5,4.6,11,9
Hasselback Potatoes,247,7,41,6,4.4,466,375
Indonesian Pork Satay,682,50,22,42,4.7,70,61
Malaysian Red Curry Thighs,354,28,6,21,4.7,25,22
Spicy Peruvian Pork,444,31,11,30,3.8,37,28
Christmas Stollen,178,7,29,2,4.7,87,78
Sunomono (Japanese Cucumber Salad),27,0,6,1,4.7,343,259
Malaysian Chicken Curry,617,42,29,36,NA,NA,NA
Greek Spanakopita,246,18,16,5,4.8,345,257
Budin (Puerto Rican Bread Pudding),488,16,75,13,4.9,63,50
Swedish Princess Cake (Prinsesstårta),NA,NA,NA,NA,NA,NA,NA
Brown Spanish Rice,156,1,32,4,4.2,24,20
Authentic Louisiana Red Beans and Rice,630,24,79,24,4.5,1,1
Nong's Khao Man Gai,589,19,71,31,4.7,18,15
White Wine Sangria,210,0,25,1,4.7,22,20
Vietnamese Aromatic Lamb Chops,555,40,7,39,4.5,180,133
Telur Balado (Spicy Chile Sauce with Eggs),237,17,13,9,4.4,5,4
Southern Pimento Cheese,208,20,2,6,4.8,1,928
Pepperoni Casserole,694,34,54,41,4.6,157,123
Mochi Muffins,216,6,38,3,4.2,6,5
Instant Pot Baked Beans,321,15,36,11,4.8,64,59
Japanese Beef Stir-Fry,290,8,26,26,4.6,274,195
Eclairs,476,28,49,8,4.5,450,359
Chinese Black Bean Sauce,211,22,3,1,NA,NA,NA
Air-Fried Korean Chicken Wings,347,12,45,16,4.8,32,29
Easy Brazilian Black Bean Stew,117,1,19,8,4.9,11,10
Japanese-Style Deep-Fried Shrimp,630,37,54,28,4.8,351,269
Smothered Cabbage,157,9,9,10,4.7,53,43
Easy King Ranch Chicken Casserole,375,17,28,28,4.4,344,273
Simple Stovetop Amish Chicken,658,25,67,40,4.3,21,19
Instant Pot Tonkotsu Ramen Broth,436,37,11,15,3.8,6,6
Shrimp Biryani,294,15,25,15,5,1,1
Aargau Carrot Cake,192,9,26,5,4.2,44,36
Jansson's Temptation (Janssons Frestelse),326,19,34,7,4.4,35,29
Greek Lemon Chicken Soup,124,7,9,8,4.6,591,477
"Chef John's Duck, Sausage, and Shrimp Gumbo",485,27,22,37,4.8,33,24
Best Fried Green Tomatoes,510,27,56,13,4.8,1,865
Amish Potato Soup,460,25,34,25,NA,NA,NA
Rabo Encendido (Cuban Oxtail Stew),785,42,23,73,5,7,6
Havana Slow Cooker Pork Tenderloin,225,5,7,36,4.4,157,121
Kulich (Russian Easter Cake),356,9,63,6,4.5,6,6
Easy Shrimp Mozambique,227,13,7,20,4.6,13,13
Aranitas (Shredded Green Plantain Patties),256,17,29,1,5,10,7
Carrie's Pad Thai Salad,807,35,109,17,4.9,13,10
Natillas (Spanish Custard),187,9,18,9,5,1,1
Cajun Shrimp and Sausage Sheet Pan Dinner,450,31,15,30,NA,NA,NA
Adas Polo (Persian Rice and Lentils),537,8,100,18,4.7,13,10
Pakistani Chicken Karahi,429,33,10,23,4.3,6,5
Strassburgare,75,5,7,1,4.5,2,2
Brazilian-Style Moist Coconut Cake,540,17,90,10,4,15,14
Canjica (Brazilian Hominy Pudding),528,26,66,10,5,1,1
Irresistible Whole Wheat Challah,215,8,33,6,4.5,90,76
Baked Chicken Reuben,446,28,17,33,3.9,106,82
Greek Chicken,412,31,4,31,4.7,492,367
Apple Walnut Canadian Butter Tarts,344,22,35,4,4.9,11,8
Homemade Adobo All-Purpose Seasoning,3,NA,1,0,4.9,18,17
Greek Beef Stuffed Onions (Salantourmasi),428,25,26,26,4.8,5,4
Cucumber Chili Salad,56,4,7,1,4.1,8,8
Opor Ayam (Chicken in Coconut Milk),538,46,19,17,NA,NA,NA
Jujeh Kabob (Persian Chicken Kabobs),346,15,5,48,4.8,13,9
New Mom Broccoli Kugel,261,24,9,6,4.6,42,35
Chimichurri Marinade,258,27,3,1,4.5,2,2
Char Siu (Chinese BBQ Pork),483,9,54,44,4.5,121,105
Cuban Mini Melts,208,11,16,12,5,2,2
Wet-Bottom Shoofly Pie,407,12,73,5,3.6,22,15
Portuguese Kale Soup,302,9,42,15,4.4,69,58
Viennese Chocolate-Nut Cake,512,33,51,6,4,2,2
Authentic Chimichurri,133,14,1,0,5,5,4
Mojito Perfecto,139,0,12,0,4.8,19,16
A Jerky Chicken,197,3,14,29,4.4,410,297
Malasadas Dois,121,5,17,2,4.6,21,17
Boscobel Beach Ginger Cake,362,18,46,6,4.5,107,90
Roscones,601,12,109,14,NA,NA,NA
Zucchini with Dill Weed and Garlic-Yogurt Sauce,292,16,30,10,4.2,26,17
Apple Cinnamon Oatmeal Muffins,196,7,30,4,4.6,137,111
Lentil Stew,347,11,45,17,4.2,54,45
Rich and Creamy Potatoes au Gratin,352,20,32,12,4.5,404,339
Jamaican Cornmeal Porridge,536,15,96,7,5,8,8
Aburi Steak,60,4,2,4,NA,NA,NA
Simple Chopped Liver,121,7,3,11,4.5,14,13
Amish Peach Dumplings,190,2,41,3,4.2,11,7
Danish Kringle,277,14,34,5,4.8,150,127
Shrimp with Lobster Sauce,308,20,5,26,4.4,172,137
Dashi Stock (Konbudashi),12,NA,2,1,4.8,12,9
Norwegian Sour Cream and Raisin Pie,347,15,52,4,4.4,24,22
Coconut Chikki,472,32,50,3,NA,NA,NA
Chef John's Rocky Road,181,12,18,4,4.4,7,7
One Pot Tuscan Shrimp and Orzo,343,13,29,28,4.5,4,4
Spinach and Cauliflower Bhaji,253,15,27,9,4.6,45,39
Vegetarian Moussaka,240,12,26,10,4.4,397,291
Namoora (Basboosa),286,3,63,4,4,7,5
Grits a Ya Ya,839,71,22,30,4.9,57,43
Alfajor Cake,506,19,76,9,4.6,5,4
Jiddo's Fatayer Sabanegh (Spinach Triangles),131,3,24,6,3.8,4,4
Pennsylvania Dutch Corn Pie,423,19,57,10,4.4,71,61
Haroset for Passover,241,13,28,4,4.8,92,62
Chef John's Drunken Noodles,341,9,61,5,4.8,143,125
Red Currant Pie,257,10,39,4,4.4,54,44
Chourico Stew,378,22,32,14,4.7,3,3
Bigos (Hunter's Stew),356,24,15,20,4.7,54,47
Chicken Marsala Fettuccine,861,34,78,57,4.6,14,14
Lebanese Easter Cookies,198,10,26,2,4,5,2
Ube-Macapuno Cake,714,44,75,12,3.8,51,42
Fereni Starch Pudding,222,10,29,6,3.9,15,13
Sharon's Jamaican Fruit Cake,598,24,93,4,4.4,108,100
Date Loaf Cake,204,4,41,2,4.3,39,34
Blackened Fish,498,41,2,31,4.6,286,213
Pofaki Gerdooyi,33,3,1,1,4.3,3,2
Eastern European Kotlety,338,19,19,22,4.8,11,8
Banket,202,12,21,3,4.7,65,51
Middle Eastern-Style Dolma (Stuffed Vegetables),462,22,43,26,NA,NA,NA
Vegan Borscht,198,10,22,8,4.1,21,16
Chicken Curry III,716,46,27,48,4,82,62
Butterkuchen,207,9,29,4,4.2,33,30
Savory Saffron Chicken Polow,764,20,103,45,4.4,10,6
Italian Penicillin Soup,332,13,27,28,4.6,75,73
Air Fryer Wiener Schnitzel,215,7,28,18,4.9,7,7
Fish Sinigang (Tilapia) - Filipino Sour Broth Dish,112,1,13,13,4.1,31,26
Easy 5-Ingredient Pumpkin Soup,128,4,18,6,3,2,2
Bolo de Leite Condensado (Brazilian Condensed Milk Cake),351,8,63,8,3.8,16,14
Crawfish Fettuccine I,490,23,49,24,4.7,144,110
Greek Steak Marinade,126,14,2,0,NA,NA,NA
Pisang Goreng (Indonesian Banana Fritters),489,20,73,8,4.2,42,28
Peruvian Pineapple Chicken (Pollo a la Piña),792,7,165,21,4.6,19,18
Cajun Style Stuffed Peppers,307,10,40,17,4.7,185,134
Herbs de Provence,4,0,1,0,4.8,73,59
Steamed Vegan Rice Cakes (Banh Bo Hap),334,9,61,4,2,1,1
Hard Do Bread,136,2,25,3,4.4,59,50
Argentine Corn Pie,288,18,27,7,3.4,5,5
Chef John's Coq au Vin,255,19,5,6,4.9,809,636
Chai Tea Latte,145,4,23,6,4.3,49,41
Swedish Christmas Glogg,NA,NA,NA,NA,4.8,23,17
Meat Pie with Hot Water Crust,640,38,45,27,2.3,3,3
Crispy Orange Beef,507,19,59,27,4.5,1,794
Peruvian Aji Verde,26,1,4,0,NA,NA,NA
Chef John's Pavlova with Strawberries,210,15,18,2,4.8,103,82
Quince Empanadas,188,5,31,3,5,1,1
Paella,617,24,39,56,4.4,122,94
Tteokbokki (Korean Spicy Rice Cakes),183,3,42,4,5,1,1
Chef John's Buttermilk Fried Chicken,1262,85,56,66,4.5,504,378
Frikadeller (Danish Meatballs),417,29,13,25,4.5,30,26
Polish Poppy Seed Cake,581,34,64,10,5,2,2
Taro Rolls,210,6,36,4,3,1,1
Dilled Shrimp (Rejer),183,5,10,23,4.8,12,7
Spanish-Style Oxtail Stew,1013,50,18,95,4.4,23,20
Thai Steamed Mussels,485,24,21,48,4.8,213,161
Yakisoba Chicken,295,5,41,26,4.3,539,383
Kobete Chicken,735,28,86,31,4.2,5,3
Cottage Cheese Blintzes,149,7,11,10,3.6,14,11
Crispy Roasted Chicken,495,35,3,42,4.7,134,107
Greek Smashed Pita,505,15,56,35,5,4,4
Thai Chopped Chicken Bean Salad,341,20,26,17,5,3,2
Mom's Nova Scotia Seafood Chowder,525,38,19,28,4.8,95,80
Chef John's Potato and Cheese Pierogi,739,42,68,23,5,5,5
Dutch Croquetten,339,18,25,19,3.9,25,23
Chicken and Waffles,1793,110,127,73,4.7,94,66
Amish Beef and Noodles,518,17,21,69,4.6,29,28
Authentic Swedish Meatballs,419,37,11,12,4,1,1
Thịt Bò Xào Đậu (Vietnamese Stir-Fried Beef and Green Beans),376,29,6,23,4.2,121,85
Kimchi,12,0,2,1,4.5,80,68
Chef John's Baklava,466,30,47,8,4.7,39,36
Cao Lầu (Vietnamese Noodle Bowl),488,8,78,24,3.2,5,4
Greek Garbanzo Bean Salad,214,12,26,5,4.7,584,425
Korean BBQ Sauce,219,1,50,4,4.6,160,134
Gochujang Fried Rice,340,10,55,6,4,5,5
Pao de Queijo (Brazilian Cheese Bread),74,3,10,1,2.8,4,4
Pasanday (Pakistani Beef Pot Roast),421,32,7,27,4.3,55,46
Pogaca (Feta Dumplings),210,12,19,6,4.1,11,10
Kima (Ground Beef and Peas),420,31,15,23,4.7,26,18
Slow Cooker Cuban Pork,298,15,8,31,4.5,4,4
Real Homemade Bologna,115,9,NA,9,3.4,24,21
German Wurst Salad,765,69,5,28,4.6,9,8
Colombian Arepas,125,5,14,6,4.6,21,18
Persian Rice,255,8,42,4,4.7,100,75
Curry Pasta - Pakistani Style,725,15,105,42,4,4,4
Cold Yogurt Soup (Abdoogh Khiar),304,15,33,11,5,1,1
Kalimotxo (Calimocho),156,NA,18,0,4.7,12,11
Creamy Mississippi Chicken Enchiladas,1018,58,64,59,4.6,33,32
Tembleque de Coco (Coconut Tembleque),430,27,46,5,5,4,2
Russian Carrot Salad (Korean-Style),119,9,9,1,4.1,14,12
Bacon Gravy for Biscuits,282,13,31,10,4.1,138,114
Gelato,416,29,33,8,4.8,102,88
How to Make Bordelaise Sauce,82,1,9,2,4.6,18,11
Anise Sugar Cookies,125,7,14,2,3,2,2
Amish Meatloaf,464,21,46,24,4.5,713,608
Easy Tex-Mex Chicken Tacos,393,14,49,19,4.3,3,3
Air Fryer Tonkatsu,319,11,41,23,4.7,7,6
Thai Chicken Spring Rolls,168,9,8,15,4.2,55,38
Pisco Sour II,NA,NA,NA,NA,4.7,10,7
Israeli Salad Recipe,272,22,18,4,4.5,134,95
Russian Cabbage Borscht,128,5,20,3,4.6,246,191
Peruvian Causa,533,34,43,16,4.6,10,10
Maple Butter Tarts,258,10,41,3,4.9,33,28
Portuguese Sopas,464,32,11,34,4.9,8,7
Cuban Chicken,308,13,28,21,4.8,76,62
Sarah's Knish,80,3,11,2,4.5,39,33
Spicy Red Bean Soup,387,18,41,18,4.3,15,14
Okra Gumbo,105,6,12,3,4.1,60,41
Spicy Tomato Chicken (Ayam Masak Merah),462,30,15,34,4.6,8,7
Tahini Butter Cookies,66,5,5,1,4.2,33,25
Al's Baked Swiss Steak,313,20,16,19,4.7,114,96
Bo Nuong Xa,204,11,6,20,4.4,46,33
Korean Spicy Chicken and Potato (Tak Toritang),447,14,55,26,4.6,288,219
Canadian Pork Loin Chops,344,18,20,25,4.7,270,208
French Onion Soup Focaccia,350,11,51,11,NA,NA,NA
Lebanese Donair,990,65,48,58,4.3,45,33
Middle Eastern Kibbeh,159,10,7,11,4.5,54,40
Taramosalata,383,23,35,13,5,1,1
Cajun Chicken,536,48,2,25,4.5,485,355
Browned Butter Banana Bread,389,17,55,5,4.3,143,116
Brazilian Crispy Cheese Bread,257,13,29,8,3,1,1
Olivie (Russian Potato Salad),191,7,26,7,4.8,17,17
Instant Pot Bahn Flan (Vietnamese Flan),628,11,120,15,5,1,1
Russian Sour Cream Cake,314,10,53,5,4.5,6,3
Korean Spicy Marinated Pork (Dae Ji Bool Gogi),300,17,17,19,4.6,98,70
Amish Hash Browns,231,14,23,4,4.2,65,55
Middle Eastern Rice with Black Beans and Chickpeas,453,12,56,31,4.4,591,439
How to Make Peanut Dipping Sauce,126,10,7,4,4.8,56,39
Haupia and Purple Sweet Potato Pie,405,28,37,4,5,3,2
Southern-Style Pig Tails,408,35,5,17,4.5,26,22
Thai Green Curry Chicken,472,41,15,27,4.6,582,418
Indian-Style Seekh Kebab,311,23,6,20,4.6,139,113
Hawaiian Millionaire Pie,519,30,60,8,4.5,46,36
Argentinean Chimichurri Sauce,145,14,6,1,4.5,4,2
Portuguese Chourico and Peppers,579,44,12,29,3.8,41,34
Linzer Cookie Bars,228,13,25,5,4.8,4,3
South African Instant Milk Tart,403,25,39,7,5,2,1
Tom Ka Gai (Coconut Chicken Soup),433,41,6,15,4.4,316,236
Air Fryer Chicken Katsu with Homemade Katsu Sauce,318,7,41,32,4.4,41,38
Lumpia (Shanghai Version),262,18,15,10,4.4,130,110
Taco Bake I,413,27,15,26,4.4,358,262
Tex Mex Potato Soup,219,13,18,8,4.4,11,9
Colombian Turmada Potatoes (Papa Turmada),645,26,77,27,4.3,6,5
Fish Puttanesca,518,25,26,47,5,3,1
Kalbi (Marinated Beef Short Ribs),995,80,29,39,4.5,46,40
Dutch Apple Pie with Oatmeal Streusel,441,20,63,4,4.6,683,540
Tam's Black-Eye Peas,132,4,13,10,4.9,66,54
Stroopwafels,622,23,100,6,3.2,19,14
Filipino Avocado Milkshake,337,19,38,8,4.7,63,48
Chef John's Cheese Blintzes,452,27,33,19,4.6,100,86
Pakistani Potato Chicken,675,42,27,46,3.8,23,18
Homemade Muesli,361,15,49,10,4.7,3,3
Sweet Challah,328,8,57,8,4.6,55,48
Easy Curry Sauce,75,6,6,2,4,55,50
Easy Portuguese Cookies,101,2,19,2,4.1,15,11
Vietnamese Chicken and Long-Grain Rice Congee,643,42,10,53,4.5,24,22
Traditional Sauerbraten,456,22,21,41,4.6,163,143
Creme Patissiere (Vanilla Pastry Cream),312,19,27,10,5,1,1
Passover Chocolate Torte,307,22,26,7,4.8,61,51
German Currywurst,451,32,26,18,3.8,98,75
Authentic Bangladeshi Beef Curry,320,23,9,20,4.2,91,72
Finnish-Style Mojakka,891,62,34,50,4.4,17,15
Bialys,234,3,44,7,4.6,17,17
One Pot Turmeric Chicken and Rice,453,11,28,59,4.3,8,8
This 5-Minute Southern Chocolate Gravy Recipe Has Been Passed Down for Generations,NA,NA,NA,NA,NA,NA,NA
Maicena (Corn Pudding),218,5,39,5,4.8,4,4
Lebanese Chicken and Potatoes,593,31,54,27,4.2,292,226
Deep-Fried Turkey,603,34,2,69,4.8,87,61
Krautburger,307,13,30,15,4.4,77,55
Cajun Ponchartrain Sauce,355,35,4,8,4.8,41,36
Peruvian Aji-Style Sauce,50,5,2,1,4.7,23,22
Grilled Spatchcocked Greek Chicken,1213,115,2,39,5,5,4
Reshteh Polo (Persian Noodle Rice),287,12,45,4,5,2,2
Simple Crème Brûlée Dessert,612,51,36,6,4.9,128,95
3-Ingredient Japanese Potsticker Dip,17,1,1,1,4.4,56,43
Toum (Lebanese Garlic Spread),235,26,2,0,5,2,2
Chicken Afritada (Filipino Stew),594,45,25,23,4.6,10,7
Shredded Slow Cooker Cuban Beef,258,12,16,21,5,1,1
Old German Honey Cookies,233,9,36,3,4.2,193,168
Mango Chutney,46,0,12,0,4.4,88,74
Botercake (Butter Cake),276,16,31,4,4.6,26,24
Microwave Mochi,83,0,20,1,4.6,84,71
Perfectly Dry Roasted Chickpeas,85,1,16,4,3.9,16,14
Pickled Daikon Radish and Carrot,70,0,17,1,4.5,32,26
Bastani (Saffron and Rose Ice Cream),356,25,22,11,NA,NA,NA
Gourmet Pastelillos (Meat Pies),290,16,28,11,4.8,4,2
Chef John's Brazilian Feijoada,720,36,54,45,5,25,20
Quick Tomato and Bean Soup Provencal,221,4,35,14,5,4,4
Creole Seasoning Blend,16,0,3,1,4.8,516,357
Pebber Nodder (Danish Christmas Cookies),37,2,4,1,4.4,213,165
Bibimbap (Korean Rice Bowl),569,19,63,35,4.7,87,62
Real Poutine,708,46,51,24,4.6,85,75
Indian Shrimp Curry,416,32,11,23,4.6,360,306
Thai Sweet Sticky Rice With Mango (Khao Neeo Mamuang),817,26,144,8,4.6,301,219
Chicken Satay Bowls with Spicy Peanut Sauce,716,42,41,48,5,3,3
The Best Ricotta Pancakes,86,4,8,5,4.5,41,35
Black Pepper Chicken,484,20,44,32,4.4,11,10
Chicken Florentine,571,33,12,50,4.8,17,17
Iskender Kebab,667,36,49,37,4.5,17,12
